ICAO CODE,IATA CODE,ALTERNATIVE CODE,LOCATION SERVED,AIRPORT,ALTERNATIVE NAME,HISTORICAL NAME,COUNTRY,TYPE,USER,NOTES,ICAO REGION
BGAA,JEG,-,AASIAAT (EGEDESMINDE),AASIAAT AIRPORT,-,-,GREENLAND,,,-,B
BGAC,-,-,GREENLAND AIR,MARITIME RESCUE COORDINATOR CENTRE,JRCC GREENLAND,-,GREENLAND,ADMINISTRATIVE,DUAL,SEARCH AND RESCUE COORDINATION CENTRE,B
BGAG,AOQ,-,"AAPPILATTOQ, AVANNAATA",AAPPILATTOQ HELIPORT,-,-,GREENLAND,HELIPORT,,-,B
BGAK,QCU,-,AKUNNAAQ,AKUNNAAQ HELIPORT,-,-,GREENLAND,HELIPORT,,-,B
BGAM,AGM,-,TASIILAQ,TASIILAQ HELIPORT (AMMASSALIK HELIPORT),-,-,GREENLAND,HELIPORT,,-,B
BGAP,LLU,-,ALLUITSUP PAA (SYDPRØVEN),ALLUITSUP PAA HELIPORT,-,-,GREENLAND,HELIPORT,,-,B
BGAQ,QUV,-,"AAPPILATTOQ, KUJALLEQ",AAPPILATTOQ HELIPORT,-,-,GREENLAND,HELIPORT,,-,B
BGAS,QUW,-,AMMASSIVIK (SLETTEN),AMMASSIVIK HELIPORT,-,-,GREENLAND,HELIPORT,,-,B
BGAT,QGQ,-,ATTU,ATTU HELIPORT,-,-,GREENLAND,HELIPORT,,-,B
BGAU,-,-,AAPPALUTTOQ,AAPPALUTTOQ AERODROME,-,-,GREENLAND,,PRIVATE,-,B
BGBW,UAK,-,NARSARSUAQ,NARSARSUAQ AIRPORT,MITTARFIK NARSARSUAQ,NARSARSUAQ AIR BASE,GREENLAND,LAND AIRPORT,PUBLIC,-,B
BGCH,JCH,-,QASIGIANNGUIT (CHRISTIANSHÅB),QASIGIANNGUIT HELIPORT,-,-,GREENLAND,HELIPORT,,-,B
BGCO,CNP,-,JAMESON LAND,NERLERIT INAAT AIRPORT,CONSTABLE PYNT LUFTHAVN,-,GREENLAND,LAND AIRPORT,PUBLIC,-,B
BGDB,-,-,DANEBORG,DANEBORG AIRPORT,-,-,GREENLAND,,,-,B
BGDH,-,-,DANMARKSHAVN,DANMARKSHAVN AERODROME,-,-,GREENLAND,LAND AIRPORT,PRIVATE,-,B
BGET,QFG,-,EQALUGAARSUIT,EQALUGAARSUIT HELIPORT,-,-,GREENLAND,HELIPORT,,-,B
BGFD,QFN,-,NARSAQ KUJALLEQ (FREDERIKSDAL),NARSAQ KUJALLEQ HELIPORT,-,-,GREENLAND,HELIPORT,,-,B
BGGH,GOH,-,NUUK (GODTHÅB),NUUK AIRPORT,-,-,GREENLAND,,,-,B
BGGL,-,-,NUUK FIR,EN ROUTE AIR TRAFFIC CONTROL CENTER,-,-,GREENLAND,AIR TRAFFIC CONTROL,DUAL,-,B
BGGN,JGO,-,QEQERTARSUAQ (GODHAVN),QEQERTARSUAQ HELIPORT,-,-,GREENLAND,HELIPORT,,-,B
BGIA,IKE,-,IKERASAK,IKERASAK HELIPORT,-,-,GREENLAND,HELIPORT,,-,B
BGIG,QFI,-,IGINNIARFIK,IGINNIARFIK HELIPORT,-,-,GREENLAND,HELIPORT,,-,B
BGIK,QRY,-,IKERASAARSUK,IKERASAARSUK HELIPORT,-,-,GREENLAND,HELIPORT,,-,B
BGIL,XIQ,-,ILIMANAQ (CLAUSHAVN),ILIMANAQ HELIPORT,-,-,GREENLAND,HELIPORT,,-,B
BGIN,IUI,-,INNAARSUIT,INNAARSUIT HELIPORT,-,-,GREENLAND,HELIPORT,,-,B
BGIO,QFX,-,IGALIKU,IGALIKU HELIPORT,-,-,GREENLAND,HELIPORT,,-,B
BGIS,IOQ,-,ISERTOQ,ISORTOQ HELIPORT,-,-,GREENLAND,HELIPORT,,-,B
BGIT,QJI,-,IKAMIUT,IKAMIUT HELIPORT,-,-,GREENLAND,HELIPORT,,-,B
BGJH,JJU,-,QAQORTOQ (JULIANEHÅB),QAQORTOQ HELIPORT,-,-,GREENLAND,HELIPORT,,-,B
BGJN,JAV,-,ILULISSAT (JAKOBSHAVN),ILULISSAT AIRPORT,-,-,GREENLAND,,,-,B
BGKA,QPW,-,KANGAATSIAQ,KANGAATSIAQ HELIPORT,-,-,GREENLAND,HELIPORT,,-,B
BGKK,KUS,-,KULUSUK,KULUSUK AIRPORT,-,-,GREENLAND,,,-,B
BGKL,UPK,-,UPERNAVIK KUJALLEQ (SØNDRE UPERNAVIK),UPERNAVIK KUJALLEQ HELIPORT,-,-,GREENLAND,HELIPORT,,-,B
BGKM,KUZ,-,KUUMMIIT,KUUMMIIT HELIPORT,-,-,GREENLAND,HELIPORT,,-,B
BGKQ,KHQ,-,KULLORSUAQ,KULLORSUAQ HELIPORT,-,-,GREENLAND,HELIPORT,,-,B
BGKS,KGQ,-,KANGERSUATSIAQ (PRØVEN),KANGERSUATSIAQ HELIPORT,-,-,GREENLAND,HELIPORT,PUBLIC,-,B
BGKT,QJE,-,KITSISSUARSUIT (HUNDE EJLANDE),KITSISSUARSUIT HELIPORT,-,-,GREENLAND,HELIPORT,,-,B
BGMO,-,-,MORIUSAQ,MORIUSAQ HELIPORT,-,-,GREENLAND,HELIPORT,,-,B
BGMQ,JSU,-,MANIITSOQ (SUKKERTOPPEN),MANIITSOQ AIRPORT,-,-,GREENLAND,,,-,B
BGMV,-,-,MESTERSVIG,MESTERSVIG AIRPORT,-,-,GREENLAND,,,-,B
BGNK,QMK,-,NIAQORNAARSUK,NIAQORNAARSUK HELIPORT,-,-,GREENLAND,HELIPORT,,-,B
BGNN,JNN,-,NANORTALIK,NANORTALIK HELIPORT,-,-,GREENLAND,HELIPORT,,-,B
BGNO,-,-,STATION NORD,NORD STATION,-,-,GREENLAND,,,-,B
BGNS,JNS,-,NARSAQ,NARSAQ HELIPORT,-,-,GREENLAND,HELIPORT,,-,B
BGNT,NIQ,-,NIAQORNAT,NIAQORNAT HELIPORT,-,-,GREENLAND,HELIPORT,,-,B
BGNU,NSQ,-,NUUSSUAQ (KRAULSHAVN),NUUSSUAQ HELIPORT,-,-,GREENLAND,HELIPORT,,-,B
BGPC,-,-,IKERASASSUAQ,IKERASASSUAQ,-,-,GREENLAND,LAND AIRPORT,PRIVATE,-,B
BGPT,JFR,-,PAAMIUT (FREDERIKSHÅB),PAAMIUT AIRPORT,-,-,GREENLAND,,,-,B
BGQE,PQT,-,QEQERTAQ,QEQERTAQ HELIPORT,-,-,GREENLAND,HELIPORT,,-,B
BGQK,QFT,-,QASSIARSUK,QASSIARSUK HELIPORT,-,-,GREENLAND,HELIPORT,,-,B
BGQQ,NAQ,-,QAANAAQ,QAANAAQ AIRPORT,-,-,GREENLAND,,,-,B
BGQT,QJH,-,QASSIMIUT,QASSIMIUT HELIPORT,-,-,GREENLAND,HELIPORT,,-,B
BGSC,OBY,-,ITTOQQORTOORMIIT (SCORESBYSUND),ITTOQQORTOORMIIT HELIPORT,-,-,GREENLAND,HELIPORT,,-,B
BGSF,SFJ,-,KANGERLUSSUAQ (SØNDRE STRØMFJORD),KANGERLUSSUAQ AIRPORT,MITTARFIK KANGERLUSSUAQ,SONDRESTROM AIR BASE,GREENLAND,LAND AIRPORT,PUBLIC,-,B
BGSG,SGG,-,SERMILIGAAQ,SERMILIGAAQ HELIPORT,-,-,GREENLAND,HELIPORT,,-,B
BGSI,SRK,-,SIORAPALUK,SIORAPALUK HELIPORT,-,-,GREENLAND,HELIPORT,,-,B
BGSO,QOQ,-,SAARLOQ,SAARLOQ HELIPORT,-,-,GREENLAND,HELIPORT,,-,B
BGSQ,QUP,-,SAQQAQ (SOLSIDEN),SAQQAQ HELIPORT,-,-,GREENLAND,HELIPORT,,-,B
BGSS,JHS,-,SISIMIUT (HOLSTEINSBORG),SISIMIUT AIRPORT,-,-,GREENLAND,,,-,B
BGST,SAE,-,SAATTUT,SAATTUT HELIPORT,-,-,GREENLAND,HELIPORT,,-,B
BGSV,SVR,-,SAVISSIVIK,SAVISSIVIK HELIPORT,-,-,GREENLAND,HELIPORT,,-,B
BGTA,TQA,-,"TASIUSAQ, QAASUITSUP",TASIUSAQ HELIPORT (QAASUITSUP),-,-,GREENLAND,HELIPORT,,-,B
BGTL,THU,-,PITUFFIK,THULE AIR BASE,-,-,GREENLAND,,,-,B
BGTN,TQI,-,TIILERILAAQ,TINITEQILAAQ HELIPORT,-,-,GREENLAND,HELIPORT,,-,B
BGTQ,XEQ,-,"TASIUSAQ, KUJALLEQ",TASIUSAQ HELIPORT (KUJALLEQ),-,-,GREENLAND,HELIPORT,,-,B
BGUK,JUV,-,UPERNAVIK,UPERNAVIK AIRPORT,-,-,GREENLAND,,,-,B
BGUM,UMD,-,UUMMANNAQ,UUMMANNAQ HELIPORT,-,-,GREENLAND,HELIPORT,,-,B
BGUQ,JQA,-,UUMMANNAQ,QAARSUT AIRPORT,UUMMANNAQ AIRPORT,-,GREENLAND,STOLPORT,PUBLIC,-,B
BGUT,JUK,-,UKKUSISSAT,UKKUSISSAT HELIPORT,-,-,GREENLAND,HELIPORT,,-,B
BIAR,AEY,-,AKUREYRI,AKUREYRI AIRPORT,AKUREYRARFLUGVÖLLUR,-,ICELAND,,,-,B
BIBA,-,-,BAKKI,BAKKI AIRPORT,-,-,ICELAND,,,-,B
BIBD,BIU,-,BILDUDALUR,BILDUDALUR AIRPORT,-,-,ICELAND,,,-,B
BIBL,BLO,-,BLONDUOS,BLÖNDUÓS AIRPORT,HJALTABAKKI AIRPORT,-,ICELAND,,,-,B
BIBR,-,-,BÚÐARDALUR,BÚÐARDALUR AIRPORT,-,-,ICELAND,,,-,B
BICA,-,-,ICELANDIC TRANSPORT AUTHORITY,AFTN ADDRESSING CODE,-,-,ICELAND,ADMINISTRATIVE,,-,B
BICC,-,-,REYKJAVIC GUFUNES COM CENTRE,AFTN ADDRESSING CODE,-,-,ICELAND,ADMINISTRATIVE,,-,B
BIDV,DJU,-,DJUPIVOGUR,DJUPIVOGUR AIRPORT,-,-,ICELAND,,,-,B
BIEG,EGS,-,EGILSSTADIR,EGILSSTADIR AIRPORT,EGILSSTAÐAFLUGVÖLLUR,-,ICELAND,,,-,B
BIEH,-,-,EINIHOLTSMELAR,EINIHOLTSMELAR AIRPORT,-,-,ICELAND,,,-,B
BIFL,-,-,FLUDIR,FLÚÐIR AIRPORT,-,-,ICELAND,,,-,B
BIFM,FAG,-,FAGURHOLMSMYRI,FAGURHOLMSMYRI AIRPORT,-,-,ICELAND,,,-,B
BIGJ,GJR,-,GJOGUR,GJOGUR AIRPORT,GJÖGURFLUGVÖLLUR,-,ICELAND,,,-,B
BIGR,GRY,-,GRIMSEY,GRIMSEY AIRPORT,GRÍMSEYJARFLUGVÖLLUR,-,ICELAND,,,-,B
BIGS,-,-,GRIMSSTADIR,GRIMSSTADIR AIRPORT,-,-,ICELAND,,,-,B
BIHE,-,-,HERDUBREIDARLINDIR,HERDUBREIDARLINDIR AIRPORT,-,-,ICELAND,,,-,B
BIHI,-,-,HVERAVELLIR,HVERAVELLIR AIRPORT,-,-,ICELAND,,,-,B
BIHK,HVK,-,HOLMAVIK,HOLMAVIK AIRPORT,-,-,ICELAND,,,-,B
BIHL,-,-,HELLA,HELLA AIRPORT,-,-,ICELAND,,,-,B
BIHN,HFN,-,HOFN HORNAFIRDI,HORNAFJÖRÐUR AIRPORT,-,-,ICELAND,,,-,B
BIHU,HZK,-,HUSAVIK,HUSAVIK AIRPORT,HÚSAVÍKURFLUGVÖLLUR,-,ICELAND,,,-,B
BIHZ,-,-,HUSAFELL,HUSAFELL AIRPORT,-,-,ICELAND,,,-,B
BIIS,IFJ,-,ISAFJORDUR,ISAFJORDUR AIRPORT,ÍSAFJARÐARFLUGVÖLLUR,-,ICELAND,,,-,B
BIKA,-,-,KALDARMELAR,KALDARMELAR AIRPORT,-,-,ICELAND,,,-,B
BIKE,-,-,KERLINGARFJOLL,KERLINGARFJOLL AIRPORT,-,-,ICELAND,,,-,B
BIKF,KEF,-,REYKJAVÍK (KEFLAVÍK),KEFLAVÍK INTERNATIONAL AIRPORT,KEFLAVÍKURFLUGVÖLLUR,NAVAL AIR STATION KEFLAVIK,ICELAND,,,-,B
BIKP,OPA,-,KOPASKER,KOPASKER AIRPORT,-,-,ICELAND,,,-,B
BIKR,SAK,-,SAUDARKROKUR,SAUÐÁRKRÓKUR AIRPORT,ALEXANDERSFLUGVÖLLUR,-,ICELAND,,,-,B
BIMK,-,-,MULAKOT,MULAKOT AIRPORT,-,-,ICELAND,,,-,B
BIMM,-,-,MELGERDISMELAR,MELGERDISMELAR AIRFIELD,-,-,ICELAND,,,-,B
BIMS,-,-,TUNGUBAKKAR MOSFELLSBAE,TUNGUBAKKAR AIRFIELD,-,-,ICELAND,,,-,B
BIND,-,-,NYIDALUR,NYIDALUR AIRFIELD,-,-,ICELAND,,,-,B
BINF,NOR,-,NORDFJORDUR,NORÐFJÖRÐUR AIRPORT,NORÐFJÖRÐUR NESKAPSTAD AIRPORT,-,ICELAND,,,-,B
BIRD,-,-,REYKJAVIC FIR/OAC/ACC/FIC,EN ROUTE AIR TRAFFIC CONTROL CENTER,-,-,ICELAND,AIR TRAFFIC CONTROL,DUAL,-,B
BIRE,RHA,-,REYKHOLAR,REYKHOLAR AIRPORT,-,-,ICELAND,,,-,B
BIRF,OLI,-,ÓLAFSVÍK,RIF AIRPORT,-,-,ICELAND,,,-,B
BIRG,RFN,-,RAUFARHOFEN,RAUFARHOFEN AIRPORT,-,-,ICELAND,,,-,B
BIRK,RKV,-,REYKJAVÍK,REYKJAVÍK AIRPORT,REYKJAVÍKURFLUGVÖLLUR,-,ICELAND,,,-,B
BIRL,MVA,-,REYKJAHLID,MÝVATN AIRPORT,REYKJAHLÍÐ AIRPORT,-,ICELAND,,,-,B
BIRS,-,-,REYKJANES,REYKJANES AIRFIELD,-,-,ICELAND,,,-,B
BISA,-,-,SAUDARFLUGVOLLUR,SAUDARFLUGVOLLUR AIRPORT,-,-,ICELAND,,,-,B
BISF,-,-,SELFOSS,SELFOSS AIRPORT,-,-,ICELAND,,,-,B
BISI,SIJ,-,SIGLUFJORDUR,SIGLUFJÖRÐUR AIRPORT,-,-,ICELAND,,,-,B
BISK,-,-,SKOGASANDUR,SKOGASANDUR AIRPORT,-,-,ICELAND,,,-,B
BISL,-,-,SKAFTAFELL,SKAFTAFELL AIRPORT,-,-,ICELAND,,,-,B
BISR,-,-,STORI KROPPUR,STORIKROPPUR AIRSTRIP,-,-,ICELAND,,,-,B
BISS,-,-,REYKJAVIK,SANDSKEIÐ,-,-,ICELAND,,,-,B
BIST,SYK,-,STYKKISHOLMUR,STYKKISHÓLMUR AIRPORT,-,-,ICELAND,,,-,B
BISV,-,-,SKALAVATN,SKALAVATN AIRPORT,-,-,ICELAND,,,-,B
BITA,-,-,REYKJAVIK POST AND TELAGRAPH ADMINISTRATION,AFTN ADDRESSING CODE,-,-,ICELAND,ADMINISTRATIVE,,-,B
BITE,TEY,-,ÞINGEYRI,ÞINGEYRI AIRPORT,-,-,ICELAND,,,-,B
BITM,-,-,ÞÓRSMÖRK ,ÞÓRSMÖRK AIRPORT,-,-,ICELAND,,,-,B
BITN,THO,-,ÞÓRSHÖFN ,ÞÓRSHÖFN AIRPORT,ÞÓRSHAFNARFLUGVÖLLUR,-,ICELAND,,,-,B
BIVI,-,-,VIK,VIK AIRFIELD,-,-,ICELAND,,,-,B
BIVM,VEY,-,VESTMANNAEYJAR,VESTMANNAEYJAR AIRPORT,VESTMANNAEYJAFLUGVÖLLUR,-,ICELAND,,,-,B
BIVO,VPN,-,VOPNAFJÖRÐUR,VOPNAFJÖRÐUR AIRPORT,VOPNAFJARÐARFLUGVÖLLUR,-,ICELAND,,,-,B
BKPR,PRN,-,PRISTINA,PRISTINA INTERNATIONAL AIRPORT,-,-,KOSOVO,,,-,B
EBAK,-,-,KIEL,KIEL HELIPORT,-,-,BELGIUM,HELIPORT,,-,E
EBAL,-,-,AALST,AALST HOSPITAL HELIPORT,-,-,BELGIUM,HELIPORT,PRIVATE,-,E
EBAM,-,-,AMOUGIES,AMOUGIES AIRFIELD,-,-,BELGIUM,,,-,E
EBAR,-,-,ARLON,ARLON-STERPENICH AERODROME,-,-,BELGIUM,,,-,E
EBAS,-,-,SCHILDE,SCHILDE/'S-GRAVENWEZEL HELIPORT,-,-,BELGIUM,HELIPORT,,-,E
EBAV,-,-,HANNUT,AVERNAS-LE-BAUDUIN AIRPORT,-,-,BELGIUM,,,-,E
EBAW,ANR,-,ANTWERP,ANTWERP INTERNATIONAL AIRPORT,-,-,BELGIUM,,,-,E
EBBA,-,-,DOUVRAIN,BAUDOUR HELIPORT,-,-,BELGIUM,HELIPORT,,-,E
EBBC,-,-,BRECHT,BRECHT/LUYCKX HELIPORT,-,-,BELGIUM,HELIPORT,PUBLIC,-,E
EBBE,-,-,BEAUVECHAIN,BEAUVECHAIN AIR BASE,-,-,BELGIUM,,,-,E
EBBH,-,-,BRECHT,BRECHT/KEYSERS HELIPORT,-,-,BELGIUM,HELIPORT,PUBLIC,-,E
EBBL,-,-,KLEINE BROGEL,KLEINE BROGEL AIR BASE,-,-,BELGIUM,,,-,E
EBBM,-,-,MICHELBEKE,BRAKEL/MICHELBEKE HELIPORT,-,-,BELGIUM,HELIPORT,PUBLIC,-,E
EBBN,-,-,BÜLLINGEN,BÜLLINGEN AIRFIELD,-,-,BELGIUM,,,-,E
EBBR,BRU,-,BRUSSELS / ZAVENTEM,BRUSSELS AIRPORT,-,-,BELGIUM,,,-,E
EBBT,-,-,BRASSCHAAT,BRASSCHAAT AIRFIELD,-,-,BELGIUM,,,-,E
EBBV,-,-,BRECHT,BRECHT/VOCHTEN HELIPORT,-,-,BELGIUM,HELIPORT,PUBLIC,-,E
EBBX,-,-,BERTRIX,JEHONVILLE AIR BASE,-,-,BELGIUM,,,-,E
EBBY,-,-,GENAPPE,GENAPPE AIRPORT,-,-,BELGIUM,,,-,E
EBBZ,-,-,PONT-À-CELLES,PONT-À-CELLES AIRPORT,-,-,BELGIUM,,,-,E
EBCF,-,-,CERFONTAINE,CERFONTAINE AIRPORT,-,-,BELGIUM,,,-,E
EBCH,-,-,LES BRUYÈRES,SHAPE PAD HELIPORT,-,-,BELGIUM,HELIPORT,,-,E
EBCI,CRL,-,CHARLEROI,BRUSSELS SOUTH CHARLEROI AIRPORT,-,-,BELGIUM,,,-,E
EBCV,-,-,CHIÈVRES,CHIÈVRES AIR BASE,-,-,BELGIUM,,,-,E
EBDI,-,-,DIKSMUIDE,DIKSMUIDE HELIPORT,-,-,BELGIUM,HELIPORT,,-,E
EBDL,-,-,DILSEN-STOKKEM,DILSEN-STOKKEM/LANKLAAR HELIPORT,-,-,BELGIUM,HELIPORT,,-,E
EBDR,-,-,CDT.FOURCAULT (SHIP),COMMANDANT FOURCAULT HELIDECK,-,-,BELGIUM,HELIPORT,,-,E
EBDT,-,-,SCHAFFEN,SCHAFFEN AIR BASE,-,-,BELGIUM,,,-,E
EBEB,-,-,EVERGEM,EVERGEM/BELZELE HELIPORT,-,-,BELGIUM,HELIPORT,,-,E
EBEN,-,-,RANST,RANST/ENGLES HELIPORT,-,-,BELGIUM,HELIPORT,,-,E
EBEU,-,-,EDEGEM,UNIVERSITAIR ZIEKENHUIS ANTWERPEN HOSPITAL HELIPORT,-,-,BELGIUM,HELIPORT,PRIVATE,-,E
EBFN,-,-,KOKSIJDE,KOKSIJDE AIR BASE,-,-,BELGIUM,,,-,E
EBFR,-,-,FRANCORCHAMPS,FRANCORCHAMPS HELIPORT,-,-,BELGIUM,HELIPORT,,-,E
EBFS,-,-,FLORENNES,FLORENNES AIR BASE,-,-,BELGIUM,,,-,E
EBGA,-,-,LEUVEN,UZ LEUVEN HOSPITAL HELIPORT,-,-,BELGIUM,HELIPORT,PRIVATE,-,E
EBGB,-,-,GRIMBERGEN,GRIMBERGEN AIRFIELD,-,-,BELGIUM,,,-,E
EBGE,-,-,LOVERVAL,GRAND HÔPITAL DE CHARLEROIHELIPORT,GHDC ASBL,-,BELGIUM,HELIPORT,PRIVATE,-,E
EBGG,-,-,GERAARDSBERGEN / OVERBOELARE,OVERBOELARE AIRFIELD,-,-,BELGIUM,,,-,E
EBGT,-,-,GHENT,GHENT/INDUSTRY ZONE HELIPORT,-,-,BELGIUM,HELIPORT,,-,E
EBHA,-,-,HAM,HAM HELIPORT,-,-,BELGIUM,HELIPORT,,-,E
EBHL,-,-,HALEN,HALEN HELIPORT,-,-,BELGIUM,HELIPORT,,-,E
EBHM,-,-,HASSELT,HASSELT/MAASLAND HELIPORT,-,-,BELGIUM,HELIPORT,,-,E
EBHN,-,-,HOEVENEN,HOEVENEN AIRFIELD,-,-,BELGIUM,,,-,E
EBHO,-,-,HOLSBEEK,HOLSBEEK HELIPORT,-,-,BELGIUM,HELIPORT,,-,E
EBHT,-,-,HOUTHALEN-HELCHTEREN,HOUTHALEN HELIPORT,-,-,BELGIUM,HELIPORT,,-,E
EBIS,-,-,ATH,ATH/ISIERES AIRPORT,-,-,BELGIUM,,,-,E
EBKH,-,-,BALEN,BALEN-KEIHEUVEL AERODROME,-,-,BELGIUM,,,-,E
EBKR,-,-,KRUISHOUTEM,KRUISHOUTEM/SONS HELIPORT,-,-,BELGIUM,HELIPORT,,-,E
EBKT,KJK,-,KORTRIJK / WEVELGEM,FLANDERS INTERNATIONAL AIRPORT,-,-,BELGIUM,,,-,E
EBKU,-,-,KUURNE,KUURNE HELIPORT,-,-,BELGIUM,HELIPORT,,-,E
EBKW,-,-,KNOKKE-HEIST,KNOKKE-HEIST/WESTKAPELLE HELIPORT,-,-,BELGIUM,HELIPORT,,-,E
EBLB,-,-,ELSENBORN,ELSENBORN-BUTGENBACH AIR BASE,-,-,BELGIUM,,,-,E
EBLC,-,-,LIÈGE,CHR DE LA CITADELLE HOSPITAL HELIPORT,-,-,BELGIUM,HELIPORT,PRIVATE,-,E
EBLE,-,-,LEOPOLDSBURG / BEVERLO,BEVERLO AIR BASE,-,-,BELGIUM,,,-,E
EBLG,LGG,-,LIÈGE,LIÈGE AIRPORT,-,-,BELGIUM,,,-,E
EBLM,-,-,MEULEBEKE,MEULEBEKE HELIPORT,-,-,BELGIUM,HELIPORT,,-,E
EBLN,-,-,ÉGHEZÉE,LIERNU AIRPORT,-,-,BELGIUM,,,-,E
EBLR,-,-,RENINGE,RENINGE HELIPORT,-,-,BELGIUM,HELIPORT,,-,E
EBLS,-,-,LIÈGE,CENTRE HOSPITALIER HELIPORT,-,-,BELGIUM,HELIPORT,PRIVATE,-,E
EBLT,-,-,LINT,LINT HELIPORT,-,-,BELGIUM,HELIPORT,,-,E
EBLU,-,-,LUMMEN,LUMMEN HELIPORT,-,-,BELGIUM,HELIPORT,,-,E
EBLY,-,-,RANST,RANST/LYMAR HELIPORT,-,-,BELGIUM,HELIPORT,,-,E
EBLZ,-,-,LOCHRISTI,ZAFFELARE HELIPORT,-,-,BELGIUM,HELIPORT,,-,E
EBMB,-,-,STEENOKKERZEEL,MELSBROEK AIR BASE,-,-,BELGIUM,,,-,E
EBMD,-,-,MIDDELHEIM HOSPITAL,MIDDELHEIM HOSPITAL HELIPORT,-,-,BELGIUM,HELIPORT,PRIVATE,-,E
EBME,-,-,MEERBEEK,MEERBEEK HELIPORT,-,-,BELGIUM,HELIPORT,PUBLIC,-,E
EBMG,-,-,DOISCHE,DOISCHE AIRPORT,-,-,BELGIUM,,,-,E
EBML,-,-,ASSESSE,MAILLEN ULM FIELD,-,-,BELGIUM,,,-,E
EBMO,-,-,MOORSELE,MOORSELE AIRFIELD,-,-,BELGIUM,,,-,E
EBMS,-,-,LIERNEUX,CENTRE MÉDICAL HÉLIPORTÉ ASBL (CMH) HELIPORT,-,-,BELGIUM,HELIPORT,PRIVATE,-,E
EBMT,-,-,MONTIGNY-LE-TILLEUL,CENTRE HOSPITALIER UNIVERSITAIRE A. VÉSALE HELIPORT,-,-,BELGIUM,HELIPORT,PRIVATE,-,E
EBMW,-,-,MEISE,MEISE/WOLVERTEM HELIPORT,-,-,BELGIUM,HELIPORT,PUBLIC,-,E
EBNB,-,-,NAMUR,CLINIQUE SAINT-LUC BOUGE HELIPORT,-,-,BELGIUM,HELIPORT,,-,E
EBNE,-,-,NEERPELT,NEERPELT AIRPORT,-,-,BELGIUM,,,-,E
EBNH,-,-,OSTEND,OOSTENDE HELIPORT,-,-,BELGIUM,HELIPORT,PUBLIC,-,E
EBNK,-,-,NOKERE,NOKERE/SUYS HELIPORT,-,-,BELGIUM,HELIPORT,,-,E
EBNM,-,-,NAMUR,NAMUR-SUARLEE AIRPORT,-,-,BELGIUM,,,-,E
EBNP,-,-,NEERPELT,NEERPELT/TILBURGS HELIPORT,-,-,BELGIUM,HELIPORT,,-,E
EBOB,-,-,OUD-HEVERLEE,OUD-HEVERLEE/BLANDEN HELIPORT,-,-,BELGIUM,HELIPORT,PUBLIC,-,E
EBOO,-,-,OOSTDIJCKBANK,OOSTDIJCKBANK HELIPORT,-,-,BELGIUM,HELIPORT,PUBLIC,-,E
EBOR,-,-,VRESSE-SUR-SEMOIS,ORCHIMONT AIRPORT,-,-,BELGIUM,,,-,E
EBOS,OST,-,BRUGES / OSTEND,OSTEND–BRUGES INTERNATIONAL AIRPORT,-,-,BELGIUM,,,-,E
EBPW,-,-,PECQ,PECQ/WARCOING HELIPORT,-,-,BELGIUM,HELIPORT,,-,E
EBRO,-,-,RANST,RANST/VAN DEN BOSCH HELIPORT,-,-,BELGIUM,HELIPORT,,-,E
EBRR,-,-,RUMBEKE,ROESELARE/RUMBEKE HELIPORT,-,-,BELGIUM,HELIPORT,,-,E
EBSG,-,-,SAINT-GHISLAIN,SAINT-GHISLAIN AIRPORT,-,-,BELGIUM,,,-,E
EBSH,-,-,SAINT-HUBERT,SAINT-HUBERT AIRPORT,-,-,BELGIUM,,,-,E
EBSJ,-,-,BRUGES,AZ SINT-JAN HELIPORT,-,-,BELGIUM,HELIPORT,,-,E
EBSL,-,-,ZUTENDAAL,ZUTENDAAL AIR BASE,-,-,BELGIUM,,,-,E
EBSP,-,-,SPA,SPA-LA SAUVENIÈRE AIRPORT,-,-,BELGIUM,,,-,E
EBSS,-,-,BRUGES,SINT-LUCAS HOSPITAL HELIPORT,-,-,BELGIUM,HELIPORT,PRIVATE,-,E
EBST,-,-,BRUSTEM / SINT-TRUIDEN,BRUSTEM AIRPORT,-,-,BELGIUM,,,-,E
EBSU,-,-,SAINT-HUBERT,SAINT-HUBERT AIR BASE,-,-,BELGIUM,,,-,E
EBSW,-,-,SINT-PIETERS-LEEUW,SINT-PIETERS-LEEUW HELIPORT,-,-,BELGIUM,HELIPORT,,-,E
EBTK,-,-,KASTERLEE,TIELEN/KASTERLEE HELIPORT,-,-,BELGIUM,HELIPORT,,-,E
EBTN,-,-,GOETSENHOVEN,GOETSENHOVEN MILITARY AIRFIELD,-,-,BELGIUM,,,-,E
EBTX,-,-,THEUX,VERVIERS-THEUX AIRFIELD,-,-,BELGIUM,,,-,E
EBTY,-,-,TOURNAI,MAUBRAY AIRPORT,-,-,BELGIUM,,,-,E
EBUB,-,-,ANDERLECHT,ERASMUS HOSPITAL HELIPORT,-,-,BELGIUM,HELIPORT,PRIVATE,-,E
EBUC,-,-,WOLUWE-SAINT-LAMBERT,CLINIQUES UNIVERSITAIRES SAINT-LUC HOSPITAL HELIPORT,-,-,BELGIUM,HELIPORT,PRIVATE,-,E
EBUL,-,-,URSEL,URSEL AIR BASE,-,-,BELGIUM,,,-,E
EBVE,-,-,VEURNE,OEREN HELIPORT,-,-,BELGIUM,HELIPORT,,-,E
EBVS,-,-,VEURNE,VEURNE/SINT-AUGUSTINUS HELIPORT,-,-,BELGIUM,HELIPORT,,-,E
EBVU,-,-,ROTSELAAR,ROTSELAAR HELIPORT,-,-,BELGIUM,HELIPORT,,-,E
EBWA,-,-,WAASMUNSTER,WAASMUNSTER HELIPORT,-,-,BELGIUM,HELIPORT,,-,E
EBWE,-,-,WEELDE,WEELDE AIR BASE,-,-,BELGIUM,,,-,E
EBWI,-,-,WINGENE,WINGENE HELIPORT,-,-,BELGIUM,HELIPORT,,-,E
EBWZ,-,-,WINGENE,WINGENE/ZWEVEZELE HELIPORT,-,-,BELGIUM,HELIPORT,,-,E
EBYP,-,-,YPRES,REGIONAAL ZIEKENHUIS JAN YPERMAN VZW HOSPITAL HELIPORT,-,-,BELGIUM,HELIPORT,PRIVATE,-,E
EBZH,-,-,KIEWIT,KIEWIT AIRFIELD,-,-,BELGIUM,,,-,E
EBZI,-,-,ZINGEM,ZINGEM HELIPORT,-,-,BELGIUM,HELIPORT,,-,E
EBZM,-,-,ZOMERGEM,ZOMERGEM HELIPORT,-,-,BELGIUM,HELIPORT,,-,E
EBZO,-,-,ZANDVOORDE,ZONNEBEKE/ZANDVOORDE HELIPORT,-,-,BELGIUM,HELIPORT,,-,E
EBZR,OBL,-,ZOERSEL / OOSTMALLE,OOSTMALLE AIRFIELD,-,-,BELGIUM,,,-,E
EBZU,-,-,ZUIENKERKE,ZUIENKERKE AIRFIELD,-,-,BELGIUM,,,-,E
EBZW,-,-,GENK,ZWARTBERG AIRFIELD,-,-,BELGIUM,,,-,E
EDAC,AOC,-,ALTENBURG,LEIPZIG-ALTENBURG AIRPORT,-,ALTENBURG-NOBITZ AIRPORT,GERMANY,,,-,E
EDBO,-,-,-,OBERPFAFFENHOFEN AIRPORT,-,-,GERMANY,,,-,E
EDDB,-,-,-,BERLIN BRANDENBURG AIRPORT,-,-,GERMANY,,,-,E
EDDC,-,-,-,DRESDEN AIRPORT,-,-,GERMANY,,,-,E
EDDF,-,-,-,FRANKFURT AIRPORT,-,-,GERMANY,,,-,E
EDDG,-,-,-,MÜNSTER OSNABRÜCK INTERNATIONAL AIRPORT,-,-,GERMANY,,,-,E
EDDH,-,-,-,HAMBURG AIRPORT,-,-,GERMANY,,,-,E
EDDK,-,-,-,COLOGNE BONN AIRPORT,-,-,GERMANY,,,-,E
EDDL,-,-,-,DÜSSELDORF AIRPORT,-,-,GERMANY,,,-,E
EDDM,-,-,-,MUNICH AIRPORT,-,-,GERMANY,,,-,E
EDDN,-,-,-,NUREMBERG AIRPORT,-,-,GERMANY,,,-,E
EDDP,-,-,-,LEIPZIG/HALLE AIRPORT,-,-,GERMANY,,,-,E
EDDR,-,-,-,SAARBRÜCKEN AIRPORT,-,-,GERMANY,,,-,E
EDDS,-,-,-,STUTTGART AIRPORT,-,-,GERMANY,,,-,E
EDDT,-,-,-,BERLIN TEGEL AIRPORT,-,-,GERMANY,,,-,E
EDDV,-,-,-,HANNOVER AIRPORT,-,-,GERMANY,,,-,E
EDDW,-,-,-,BREMEN AIRPORT,-,-,GERMANY,,,-,E
EDFH,-,-,-,FRANKFURT-HAHN AIRPORT,-,-,GERMANY,,,-,E
EDFM,-,-,-,MANNHEIM CITY AIRPORT,-,-,GERMANY,,,-,E
EDKA,AAH,-,AACHEN,AACHEN MERZBRUCK AIRFIELD,-,-,GERMANY,,,-,E
EDLN,-,-,-,DÜSSELDORF MÖNCHENGLADBACH AIRPORT,-,-,GERMANY,,,-,E
EDLP,-,-,-,PADERBORN LIPPSTADT AIRPORT,-,-,GERMANY,,,-,E
EDRZ,-,-,-,ZWEIBRÜCKEN AIRPORT,-,-,GERMANY,,,-,E
EDSB,-,-,-,KARLSRUHE/BADEN-BADEN AIRPORT,-,-,GERMANY,,,-,E
EDVK,-,-,-,KASSEL AIRPORT,-,-,GERMANY,,,-,E
EDWE,-,-,-,EMDEN AIRPORT,-,-,GERMANY,,,-,E
EDXH,-,-,-,HELIGOLAND AIRPORT,-,-,GERMANY,HELIPORT,,-,E
EDXW,-,-,-,SYLT AIRPORT,-,-,GERMANY,,,-,E
EECL,-,-,-,TALLINN/CITY HALL HELIPORT,-,-,ESTONIA,HELIPORT,,-,E
EETN,-,-,-,TALLINN AIRPORT,-,-,ESTONIA,,,-,E
EFHF,-,-,-,HELSINKI-MALMI AIRPORT,-,-,FINLAND,,,-,E
EFHK,-,-,-,HELSINKI-VANTAA AIRPORT,-,-,FINLAND,,,-,E
EFHV,-,-,-,HYVINKÄÄ AIRFIELD,-,-,FINLAND,,,-,E
EFJY,-,-,-,JYVÄSKYLÄ AIRPORT,-,-,FINLAND,,,-,E
EFTU,-,-,-,TURKU AIRPORT,-,-,FINLAND,,,-,E
EGAA,BFS,-,BELFAST,BELFAST INTERNATIONAL AIRPORT,ALDERGROVE AIRPORT,RAF ALDERGROVE,UNITED KINGDOM,AIRPORT,PUBLIC,-,E
EGAB,ENK,-,ENNISKILLEN,ENNISKILLEN AIRPORT,ENNISKILLEN/ST ANGELO AIRPORT,ST ANGELO BARRACKS,UNITED KINGDOM,AIRPORT,PUBLIC,-,E
EGAC,BHD,-,BELFAST,GEORGE BEST BELFAST CITY AIRPORT,BELFAST CITY AIRPORT,SYDENHAM AIRPORT,UNITED KINGDOM,AIRPORT,PUBLIC,-,E
EGAD,-,EGG55,NEWTOWNARDS,NEWTOWNARDS AIRPORT,NEWTOWARDS AERODROME,RAF NEWTOWNARDS,UNITED KINGDOM,AIRPORT,PUBLIC,NO. 1 AIDU CODE,E
EGAE,LDY,-,DERRY,CITY OF DERRY AIRPORT,LONDONDERRY EGLINTON AIRPORT,RAF EGLINTON,UNITED KINGDOM,AIRPORT,PUBLIC,-,E
EGBB,BHX,-,BIRMINGHAM,BIRMINGHAM AIRPORT,BIRMINGHAM INTERNATIONAL AIRPORT,ELMDON AIRPORT,UNITED KINGDOM,AIRPORT,PUBLIC,-,E
EGBC,-,-,CHELTENHAM,CHELTENHAM RACECOURSE HELIPORT,CHELTENHAM RACECOURSE,-,UNITED KINGDOM,HELIPORT,PUBLIC,-,E
EGBD,-,EGC64,DERBY,DERBY AIRFIELD,DERBY AERODROME,-,UNITED KINGDOM,AIRFIELD,PRIVATE,NO. 1 AIDU CODE,E
EGBE,CVT,-,COVENTRY,COVENTRY AIRPORT,-,BAGINTON AERODROME,UNITED KINGDOM,AIRPORT,PUBLIC,-,E
EGBF,-,-,BEDFORD,BEDFORD AERODROME,BEDFORD AUTODROME,RAE BEDFORD,UNITED KINGDOM,AIRPORT,PRIVATE,-,E
EGBG,LRC,-,LEICESTER,LEICESTER AIRPORT,-,STOUGHTON AERODROME,UNITED KINGDOM,AIRFIELD,PRIVATE,-,E
EGBJ,GLO,-,GLOUCESTER,GLOUCESTERSHIRE AIRPORT,GLOUCESTER AIRPORT,STAVERTON AIRPORT,UNITED KINGDOM,AIRPORT,PUBLIC,-,E
EGBK,ORM,-,SYWELL,SYWELL AERODROME,NORTHAMPTON/SYWELL AERODROME,RAF SYWELL,UNITED KINGDOM,AIRFIELD,PRIVATE,-,E
EGBM,-,-,TATENHILL,TATENHILL AIRFIELD,-,RAF TATENHILL,UNITED KINGDOM,AIRFIELD,PRIVATE,-,E
EGBN,NQT,-,NOTTINGHAM,NOTTINGHAM CITY AIRPORT,NOTTINGHAM AIRPORT,RAF TOLLERTON,UNITED KINGDOM,AIRPORT,PRIVATE,-,E
EGBO,-,-,WOLVERHAMPTON,WOLVERHAMPTON HALFPENNY GREEN AIRPORT,HALFPENNY GREEN AIRPORT,RAF BOBBINGTON,UNITED KINGDOM,AIRPORT,PUBLIC,-,E
EGBP,GBA,-,KEMBLE,COTSWOLD AIRPORT,KEMBLE AIRFIELD,RAF KEMBLE,UNITED KINGDOM,AIRFIELD,PRIVATE,-,E
EGBR,-,-,BREIGHTON,BREIGHTON AERODROME,-,RAF BREIGHTON,UNITED KINGDOM,AIRFIELD,PRIVATE,-,E
EGBS,-,-,LEOMINSTER,SHOBDON AERODROME,-,RAF SHOBDON,UNITED KINGDOM,AIRFIELD,PRIVATE,-,E
EGBT,-,EGJ24,BRACKLEY,TURWESTON AERODROME,TURWESTON FLIGHT CENTRE,RAF TURWESTON,UNITED KINGDOM,AIRFIELD,PRIVATE,NO. 1 AIDU CODE,E
EGBV,-,-,SILVERSTONE,SILVERSTONE HELIPORT,SILVERSTONE CIRCUIT,RAF SILVERSTONE,UNITED KINGDOM,HELIPORT,PRIVATE,-,E
EGBW,-,-,WELLESBOURNE,WELLESBOURNE MOUNTFORD AERODROME,WELLESBOURNE AIRFIELD,RAF WELLESBOURNE MOUNTFORD,UNITED KINGDOM,AIRFIELD,PRIVATE,-,E
EGCA,-,-,APPERKNOWLE,COAL ASTON AIRFIELD,APPERKNOWLE AIRSTRIP,-,UNITED KINGDOM,AIRFIELD,PRIVATE,-,E
EGCB,-,EGF98,MANCHESTER,MANCHESTER BARTON AERODROME,CITY AIRPORT,BARTON AERODROME,UNITED KINGDOM,AIRFIELD,PUBLIC,NO. 1 AIDU CODE,E
EGCC,MAN,-,MANCHESTER,MANCHESTER AIRPORT,MANCHESTER RINGWAY AIRPORT,RAF RINGWAY,UNITED KINGDOM,AIRPORT,PUBLIC,-,E
EGCF,-,-,SCUNTHORPE,SANDTOFT AIRFIELD,SANDTOFT AERODROME,RAF SANDTOFT,UNITED KINGDOM,AIRFIELD,PRIVATE,-,E
EGCG,-,-,STRUBBY,STRUBBY NORTH AIRFIELD,STRUBBY AIRFIELD,RAF STRUBBY,UNITED KINGDOM,AIRFIELD,PRIVATE,-,E
EGCJ,-,EGI13,SHERBURN-IN-ELMET,SHERBURN-IN-ELMET AIRFIELD,SHERBURN AIRFIELD,-,UNITED KINGDOM,AIRFIELD,PUBLIC,NO. 1 AIDU CODE,E
EGCK,-,-,CAERNARFON,CAERNARFON AIRPORT,MAES AWYR CAERNARFON,RAF LLANDWROG,UNITED KINGDOM,AIRFIELD,PUBLIC,-,E
EGCL,-,EGD34,SPALDING,FENLAND AIRFIELD,FENLAND AERODROME,-,UNITED KINGDOM,AIRFIELD,PUBLIC,NO. 1 AIDU CODE,E
EGCM,-,-,CHURCH FENTON,LEEDS EAST AIRPORT,-,RAF CHURCH FENTON,UNITED KINGDOM,AIRFIELD,PRIVATE,-,E
EGCN,DSA,-,DONCASTER,DONCASTER SHEFFIELD AIRPORT,ROBIN HOOD AIRPORT,RAF FINNINGLEY,UNITED KINGDOM,AIRPORT,PUBLIC,-,E
EGCO,-,-,SOUTHPORT,SOUTHPORT (BIRKDALE SANDS) LANDING GROUND,SOUTHPORT / BIRKDALE SANDS II,BIRKDALE SANDS AERODROME,UNITED KINGDOM,BEACH STRIP,PUBLIC,-,E
EGCR,-,-,WINSFORD,ASHCROFT AIRFIELD,BRYAN'S LANDING,-,UNITED KINGDOM,AIRSTRIP,PRIVATE,,E
EGCS,-,EGI81,STURGATE,STURGATE AIRFIELD,-,RAF STURGATE,UNITED KINGDOM,AIRFIELD,PRIVATE,NO. 1 AIDU CODE,E
EGCV,-,EGI32,SHREWSBURY,SLEAP AIRFIELD,SHROPSHIRE AERO CLUB,RAF SLEAP,UNITED KINGDOM,AIRFIELD,PRIVATE,NO. 1 AIDU CODE,E
EGCW,-,-,WELSHPOOL,MID-WALES AIRPORT,WELSHPOOL AIRPORT,-,UNITED KINGDOM,AIRFIELD,PUBLIC,-,E
EGDC,-,-,BRAUNTON,RMB CHIVENOR,-,RAF CHIVENOR,UNITED KINGDOM,AIRFIELD,MILITARY,-,E
EGDD,-,-,BICESTER,BICESTER AIRFIELD,BICESTER AERODROME,RAF BICESTER,UNITED KINGDOM,AIRFIELD,PRIVATE,-,E
EGDI,-,-,ILMINSTER,RNAS MERRYFIELD,-,-,UNITED KINGDOM,AIRFIELD,MILITARY,-,E
EGDJ,UPV,EGJ29,UPAVON,TRENCHARD LINES,-,RAF UPAVON,UNITED KINGDOM,AIRFIELD,MILITARY,NO. 1 AIDU CODE,E
EGDL,LYE,-,LYNEHAM,MOD LYNEHAM,-,RAF LYNEHAM,UNITED KINGDOM,AIRFIELD,MILITARY,-,E
EGDM,-,-,AMESBURY,MOD BOSCOMBE DOWN,-,RAF BOSCOMBE DOWN,UNITED KINGDOM,AIRPORT,MILITARY,-,E
EGDN,-,-,NETHERAVON,NETHERAVON AIRFIELD,-,AAC NETHERAVON,UNITED KINGDOM,AIRSTRIP,MILITARY,-,E
EGDO,-,-,MULLION,RNAS PREDANNACK,PREDANNACK AIRFIELD,RAF PREDANNACK,UNITED KINGDOM,AIRFIELD,MILITARY,-,E
EGDP,-,-,PORTLAND HARBOUR,PORTLAND HELIPORT,-,RNAS PORTLAND,UNITED KINGDOM,HELIPORT,PUBLIC,-,E
EGDR,-,-,HELSTON,RNAS CULDROSE,HMS SEAHAWK,-,UNITED KINGDOM,AIRPORT,MILITARY,-,E
EGDS,-,-,BULFORD,BULFORD AIRSTRIP,SALISBURY PLAIN AERODROME,-,UNITED KINGDOM,AIRSTRIP,PRIVATE,-,E
EGDT,-,-,WROUGHTON,SCIENCE AND INNOVATION PARK,NATIONAL COLLECTIONS CENTRE,RAF WROUGHTON,UNITED KINGDOM,AIRSTRIP,PRIVATE,-,E
EGDV,-,-,HULLAVINGTON,HULLAVINGTON AIRPORT,-,RAF HULLAVINGTON,UNITED KINGDOM,AIRSTRIP,PRIVATE,-,E
EGDY,YEO,-,YEOVIL,RNAS YEOVILTON,-,-,UNITED KINGDOM,AIRPORT,MILITARY,-,E
EGEC,CAL,-,CAMPBELTOWN,CAMPBELTOWN AIRPORT,PORT-ADHAIR CHEANN LOCH CHILLE CHIRAIN,RAF MACHRIHANISH,UNITED KINGDOM,AIRPORT,PUBLIC,-,E
EGED,EOI,EGD02,EDAY,EDAY AIRPORT,EDAY LONDON AIRPORT,-,UNITED KINGDOM,AIRPORT,PUBLIC,NO. 1 AIDU CODE,E
EGEF,FIE,EGD23,FAIR ISLE,FAIR ISLE AIRPORT,FAIR ISLE AERODROME,-,UNITED KINGDOM,AIRSTRIP,PRIVATE,NO. 1 AIDU CODE,E
EGEH,WHS,-,WHALSAY,WHALSAY AIRSTRIP,-,-,UNITED KINGDOM,AIRSTRIP,PUBLIC,-,E
EGEI,SKL,-,ASHAIG,ISLE OF SKYE (BROADFORD) AIRFIELD,ASHAIG AIRSTRIP,-,UNITED KINGDOM,AIRFIELD,PUBLIC,NO. 1 AIDU CODE,E
EGEL,COL,-,COLL,COLL AIRPORT,COLL ISLAND AIRPORT,-,UNITED KINGDOM,AIRFIELD,PUBLIC,-,E
EGEN,NRL,EGG64,NORTH RONALDSAY,NORTH RONALDSAY AIRPORT,NORTH RONALDSAY AERODROME,-,UNITED KINGDOM,AIRFIELD,PUBLIC,NO. 1 AIDU CODE,E
EGEO,OBN,-,OBAN,OBAN AIRPORT,NORTH CONNEL AIRPORT,RAF CONNEL,UNITED KINGDOM,AIRPORT,PUBLIC,-,E
EGEP,PPW,EGG99,PAPA WESTRAY,PAPA WESTRAY AIRPORT,PAPA WESTRAY AERODROME,-,UNITED KINGDOM,AIRSTRIP,PUBLIC,NO. 1 AIDU CODE,E
EGER,SOY,EGI80,STRONSAY,STRONSAY AIRPORT,STRONSAY AERODROME,-,UNITED KINGDOM,AIRSTRIP,PUBLIC,NO. 1 AIDU CODE,E
EGES,NDY,-,SANDAY,SANDAY AIRPORT,SANDAY AERODROME,-,UNITED KINGDOM,AIRSTRIP,PUBLIC,-,E
EGET,LWK,EGF24,LERWICK,TINGWALL AIRPORT,LERWICK/TINGWALL AIRPORT,-,UNITED KINGDOM,AIRFIELD,PUBLIC,NO. 1 AIDU CODE,E
EGEW,WRY,EGJ63,WESTRAY,WESTRAY AIRPORT,WESTRAY AERODROME,-,UNITED KINGDOM,AIRSTRIP,PUBLIC,NO. 1 AIDU CODE,E
EGEY,CSA,-,COLONSAY AND ORONSAY,COLONSAY AIRPORT,-,-,UNITED KINGDOM,AIRSTRIP,PUBLIC,-,E
EGFA,-,-,CARDIGAN,WEST WALES AIRPORT,ABERPORTH AIRPORT,RAF ABERPORTH,UNITED KINGDOM,AIRFIELD,PUBLIC,-,E
EGFC,-,-,CARDIFF CITY,CARDIFF HELIPORT,CARDIFF CITY HELIPORT,-,UNITED KINGDOM,HELIPORT,PRIVATE,-,E
EGFE,HAW,-,HAVERFORDWEST,HAVERFORDWEST AIRPORT,WITHYBUSH AIRPORT,RAF HAVERFORDWEST,UNITED KINGDOM,AIRFIELD,PUBLIC,-,E
EGFF,CWL,-,CARDIFF,CARDIFF AIRPORT,MAES AWYR CAERDYDD,RAF RHOOSE,UNITED KINGDOM,AIRPORT,PUBLIC,-,E
EGFH,SWS,-,SWANSEA,SWANSEA AIRPORT,MAES AWYR ABERTAWE,RAF FAIRWOOD COMMON,UNITED KINGDOM,AIRFIELD,PUBLIC,-,E
EGFP,-,EGH05,PEMBREY,PEMBREY AIRPORT,PEMBREY WEST WALES AIRPORT,RAF PEMBREY,UNITED KINGDOM,AIRFIELD,PUBLIC,NO. 1 AIDU CODE,E
EGFR,-,-,LLANBEDR,LLANBEDR AIRPORT,-,RAF LLANBEDR,UNITED KINGDOM,AIRFIELD,PRIVATE,-,E
EGGD,BRS,-,BRISTOL,BRISTOL AIRPORT,BRISTOL (LULSGATE) AIRPORT,RAF LULSGATE BOTTOM,UNITED KINGDOM,AIRPORT,PUBLIC,-,E
EGGP,LPL,-,LIVERPOOL,LIVERPOOL JOHN LENNON AIRPORT,LIVERPOOL AIRPORT,RAF SPEKE,UNITED KINGDOM,AIRPORT,PUBLIC,-,E
EGGW,LTN,-,LUTON,LONDON LUTON AIRPORT,LUTON AIRPORT,LUTON MUNICIPAL AIRPORT,UNITED KINGDOM,AIRPORT,PUBLIC,-,E
EGHA,-,-,SHAFTESBURY,COMPTON ABBAS AIRFIELD,-,-,UNITED KINGDOM,AIRFIELD,PRIVATE,-,E
EGHC,LEQ,EGF08,ST JUST,LAND'S END AIRPORT,AYRBORTH PENN AN WLAS,-,UNITED KINGDOM,AIRPORT,PRIVATE,NO. 1 AIDU CODE,E
EGHE,ISC,EGH96,ST MARY'S,ST MARY'S AIRPORT,ISLES OF SCILLY AIRPORT,-,UNITED KINGDOM,AIRPORT,PUBLIC,NO. 1 AIDU CODE,E
EGHF,-,-,GOSPORT,SOLENT AIRPORT DAEDALUS,LEE-ON-SOLENT AIRFIELD,RNAS LEE-ON-SOLENT (HMS DAEDALUS),UNITED KINGDOM,AIRFIELD,PUBLIC,-,E
EGHG,-,EGK10,YEOVIL,YEOVIL AERODROME,YEOVIL/WESTLAND AERODROME,-,UNITED KINGDOM,AIRFIELD,PRIVATE,NO. 1 AIDU CODE,E
EGHH,BOH,-,BOURNEMOUTH,BOURNEMOUTH AIRPORT,BOURNEMOUTH INTERNATIONAL AIRPORT,RAF HURN,UNITED KINGDOM,AIRPORT,PUBLIC,-,E
EGHI,SOU,-,SOUTHAMPTON,SOUTHAMPTON AIRPORT,SOUTHAMPTON INTERNATIONAL AIRPORT,RNAS EASTLEIGH (HMS RAVEN),UNITED KINGDOM,AIRPORT,PUBLIC,-,E
EGHJ,BBP,-,ISLE OF WIGHT,BEMBRIDGE AIRPORT,-,-,UNITED KINGDOM,AIRFIELD,PUBLIC,-,E
EGHK,-,-,PENZANCE,PENZANCE HELIPORT,-,-,UNITED KINGDOM,HELIPORT,PUBLIC,-,E
EGHL,QLA,EGF15,LASHAM,LASHAM AIRFIELD,-,RAF LASHAM,UNITED KINGDOM,AIRFIELD,PRIVATE,NO. 1 AIDU CODE,E
EGHN,-,-,SANDOWN,ISLE OF WIGHT/SANDOWN AIRPORT,ISLE OF WIGHT AIRPORT - SANDOWN,-,UNITED KINGDOM,AIRFIELD,PUBLIC,-,E
EGHO,-,-,THRUXTON,THRUXTON AERODROME,-,RAF THRUXTON,UNITED KINGDOM,AIRFIELD,PRIVATE,-,E
EGHP,-,EGH32,POPHAM,POPHAM AIRFIELD,-,-,UNITED KINGDOM,AIRFIELD,PUBLIC,NO. 1 AIDU CODE,E
EGHQ,NQY,-,CORNWALL,CORNWALL AIRPORT NEWQUAY,NEWQUAY AIRPORT,RAF ST MAWGAN,UNITED KINGDOM,AIRPORT,PUBLIC,-,E
EGHR,QUG,EGC01,CHICHESTER,CHICHESTER/GOODWOOD AIRPORT,GOODWOOD AERODROME,RAF WESTHAMPNETT,UNITED KINGDOM,AIRFIELD,PRIVATE,NO. 1 AIDU CODE,E
EGHS,-,EGE23,HENSTRIDGE,HENSTRIDGE AIRFIELD,-,RNAS HENSTRIDGE (HMS DIPPER),UNITED KINGDOM,AIRFIELD,PUBLIC,NO. 1 AIDU CODE,E
EGHT,-,-,TRESCO,TRESCO HELIPORT,-,-,UNITED KINGDOM,HELIPORT,PUBLIC,-,E
EGHU,-,EGC91,GREAT TORRINGTON,EAGLESCOTT AIRFIELD,-,-,UNITED KINGDOM,AIRFIELD,PUBLIC,NO. 1 AIDU CODE,E
EGHY,-,EGJ21,TRURO,TRURO AERODROME,TRURO AIRFIELD,-,UNITED KINGDOM,AIRFIELD,PRIVATE,NO. 1 AIDU CODE,E
EGJA,ACI,-,ALDERNEY,ALDERNEY AIRPORT,-,-,UNITED KINGDOM,AIRPORT,PUBLIC,-,E
EGJB,GCI,-,GUERNSEY,GUERNSEY AIRPORT,-,-,UNITED KINGDOM,AIRPORT,PUBLIC,-,E
EGJJ,JER,-,JERSEY,JERSEY AIRPORT,-,RNAS JERSEY,UNITED KINGDOM,AIRPORT,PUBLIC,-,E
EGKA,ESH,-,SHOREHAM-BY-SEA,BRIGHTON CITY AIRPORT,SHOREHAM AIRPORT,-,UNITED KINGDOM,AIRPORT,PUBLIC,-,E
EGKB,BQH,-,BROMLEY,LONDON BIGGIN HILL AIRPORT,BIGGIN HILL AIRPORT,RAF BIGGIN HILL,UNITED KINGDOM,AIRPORT,PUBLIC,-,E
EGKE,-,-,CHALLOCK,CHALLOCK AIRFIELD,KENT GLIDING CENTRE,-,UNITED KINGDOM,AIRSTRIP,PRIVATE,-,E
EGKG,-,-,GOODWOOD RACECOURSE,GOODWOOD RACECOURSE HELIPORT,-,-,UNITED KINGDOM,HELIPORT,PUBLIC,-,E
EGKH,-,EGF16,HEADCORN,HEADCORN AERODROME,LASHENDEN (HEADCORN) AIRFIELD,RAF LASHENDEN,UNITED KINGDOM,AIRFIELD,PRIVATE,NO. 1 AIDU CODE,E
EGKK,LGW,-,GATWICK,LONDON GATWICK AIRPORT,GATWICK AIRPORT,RAF GATWICK,UNITED KINGDOM,AIRPORT,PUBLIC,-,E
EGKN,-,-,CROYDON,MOD KENLEY,KENLEY AIRFIELD,RAF KENLEY,UNITED KINGDOM,AIRFIELD,MILITARY,-,E
EGKR,KRH,EGH62,REDHILL,REDHILL AERODROME,-,RAF REDHILL,UNITED KINGDOM,AIRFIELD,PRIVATE,NO. 1 AIDU CODE,E
EGKT,-,-,KIRKNEWTON,KIRKNEWTON AIRFIELD,-,RAF KIRKNEWTON,UNITED KINGDOM,AIRFIELD,MILITARY,MOD STATION,E
EGLA,-,-,BODMIN,BODMIN AIRFIELD,-,-,UNITED KINGDOM,AIRFIELD,PRIVATE,-,E
EGLC,LCY,-,LONDON,LONDON CITY AIRPORT,-,-,UNITED KINGDOM,AIRPORT,PUBLIC,-,E
EGLD,-,EGC62,DENHAM,DENHAM AERODROME,-,RAF DENHAM,UNITED KINGDOM,AIRFIELD,PUBLIC,NO. 1 AIDU CODE,E
EGLF,FAB,-,FARNBOROUGH,FARNBOROUGH AIRPORT,TAG FARNBOROUGH AIRPORT,RAE FARNBOROUGH,UNITED KINGDOM,AIRPORT,PRIVATE,-,E
EGLG,-,-,WELWYN GARDEN CITY,PANSHANGER AERODROME,-,-,UNITED KINGDOM,AIRFIELD,PUBLIC,-,E
EGLJ,-,-,CHARLGROVE,CHALGROVE AIRFIELD,-,USAAF STATION AAF-465,UNITED KINGDOM,AIRFIELD,PRIVATE,-,E
EGLK,BBS,-,YATELEY,BLACKBUSHE AIRPORT,-,RAF BLACKBUSHE,UNITED KINGDOM,AIRPORT,PUBLIC,-,E
EGLL,LHR,-,LONDON,HEATHROW AIRPORT,LONDON HEATHROW AIRPORT,LONDON AIRPORT,UNITED KINGDOM,AIRPORT,PUBLIC,-,E
EGLM,-,EGJ70,MAIDENHEAD,WHITE WALTHAM AIRFIELD,-,RAF WHITE WALTHAM,UNITED KINGDOM,AIRFIELD,PRIVATE,NO. 1 AIDU CODE,E
EGLS,-,-,SALISBURY,OLD SARUM AIRFIELD,-,RAF OLD SARUM,UNITED KINGDOM,AIRFIELD,PRIVATE,-,E
EGLT,-,-,ASCOT RACECOURSE,ASCOT RACECOURSE HELIPORT,-,-,UNITED KINGDOM,HELIPORT,PRIVATE,-,E
EGLW,-,-,BATTERSEA,LONDON HELIPORT,LONDON EDMISTON HELIPORT,BATTERSEA HELIPORT,UNITED KINGDOM,HELIPORT,PUBLIC,-,E
EGMA,-,EGD48,FOWLMERE,FOWLMERE AIRFIELD,-,RAF FOWLMERE,UNITED KINGDOM,AIRFIELD,PRIVATE,NO. 1 AIDU CODE,E
EGMC,SEN,-,SOUTHEND,LONDON SOUTHEND AIRPORT,SOUTHEND AIRPORT,RAF ROCHFORD,UNITED KINGDOM,AIRPORT,PUBLIC,-,E
EGMD,LYX,-,LYDD,LONDON ASHFORD AIRPORT,LYDD AIRPORT,LYDD FERRYFIELD,UNITED KINGDOM,AIRPORT,PUBLIC,-,E
EGMJ,-,EGF30,ST NEOTS,LITTLE GRANSDEN AIRFIELD,-,-,UNITED KINGDOM,AIRFIELD,PUBLIC,NO. 1 AIDU CODE,E
EGML,-,-,HORNCHURCH,DAMYNS HALL AERODROME,-,-,UNITED KINGDOM,AIRFIELD,PRIVATE,-,E
EGNB,-,-,BROUGH,BROUGH AERODROME,-,-,UNITED KINGDOM,AIRFIELD,PRIVATE,-,E
EGNC,CAX,-,CARLISLE,CARLISLE LAKE DISTRICT AIRPORT,CARLISLE AIRPORT,RAF CROSBY-ON-EDEN,UNITED KINGDOM,AIRFIELD,PRIVATE,-,E
EGND,-,-,HUDDERSFIELD,CROSLAND MOOR AIRFIELD,-,-,UNITED KINGDOM,AIRFIELD,PRIVATE,-,E
EGNE,-,-,RETFORD,RETFORD GAMSTON AIRPORT,GAMSTON AIRPORT,RAF GAMSTON,UNITED KINGDOM,AIRFIELD,PRIVATE,-,E
EGNF,-,EGG42,WORKSOP,NETHERTHORPE AIRFIELD,-,RAF NETHERTHORPE,UNITED KINGDOM,AIRFIELD,PRIVATE,NO. 1 AIDU CODE,E
EGNG,-,EGA50,BAGBY,BAGBY AIRFIELD,BAGBY INTERNATIONAL,-,UNITED KINGDOM,AIRFIELD,PRIVATE,NO. 1 AIDU CODE,E
EGNH,BLK,-,BLACKPOOL,BLACKPOOL AIRPORT,BLACKPOOL INTERNATIONAL AIRPORT,SQUIRES GATE AIRPORT,UNITED KINGDOM,AIRPORT,PUBLIC,-,E
EGNJ,HUY,-,HULL,HUMBERSIDE AIRPORT,-,RAF KIRMINGTON,UNITED KINGDOM,AIRPORT,PUBLIC,-,E
EGNL,BWF,-,BARROW-IN-FURNESS,WALNEY AERODROME,BARROW/WALNEY ISLAND AIRPORT,RAF WALNEY ISLAND,UNITED KINGDOM,AIRFIELD,PRIVATE,-,E
EGNM,LBA,-,YORKSHIRE,LEEDS BRADFORD AIRPORT,-,RAF YEADON,UNITED KINGDOM,AIRPORT,PUBLIC,-,E
EGNO,-,-,WARTON,WARTON AERODROME,-,RAF WARTON,UNITED KINGDOM,AIRPORT,PRIVATE,-,E
EGNP,-,-,LEEDS,LEEDS HELIPORT,-,-,UNITED KINGDOM,HELIPORT,PUBLIC,-,E
EGNR,CEG,-,CHESTER,HAWARDEN AIRPORT,MAES AWYR PENARLÂG,CHESTER/HAWARDEN AIRPORT,UNITED KINGDOM,AIRPORT,PUBLIC,-,E
EGNS,IOW,-,ISLE OF MAN,ISLE OF MAN AIRPORT,PURT AER VANNIN,RONALDSWAY AIRPORT,UNITED KINGDOM,AIRPORT,PUBLIC,-,E
EGNT,NCL,-,NEWCASTLE-UPON-TYNE,NEWCASTLE INTERNATIONAL AIRPORT,-,-,UNITED KINGDOM,AIRPORT,PUBLIC,-,E
EGNU,-,EGD55,YORK,FULL SUTTON AIRFIELD,-,RAF FULL SUTTON,UNITED KINGDOM,AIRFIELD,PUBLIC,NO. 1 AIDU CODE,E
EGNV,MME,-,DURHAM,TEESSIDE INTERNATIONAL AIRPORT,DURHAM TEES VALLEY AIRPORT,RAF MIDLETON ST GEORGE,UNITED KINGDOM,AIRPORT,PUBLIC,-,E
EGNW,-,EGJ74,LINCOLN,WICKENBY AERODROME,WICKENBY AIRFIELD,RAF WICKENBY,UNITED KINGDOM,AIRFIELD,PUBLIC,NO. 1 AIDU CODE,E
EGNX,EMA,-,LEICESTERSHIRE,EAST MIDLANDS AIRPORT,-,RAF CASTLE DONNINGTON,UNITED KINGDOM,AIRPORT,PUBLIC,-,E
EGNY,-,EGA77,BEVERLEY,BEVERLEY AIRFIELD,BEVERLEY/LINLEY HILL AIRFIELD,-,UNITED KINGDOM,AIRFIELD,PRIVATE,NO. 1 AIDU CODE,E
EGO2,-,-,SAFRON WALDEN,AUDLEY END AIRFIELD,-,-,UNITED KINGDOM,AIRFIELD,PUBLIC,-,E
EGOE,-,-,TERNHILL,TERN HILL AIRFIELD,RAF TERN HILL,-,UNITED KINGDOM,AIRFIELD,MILITARY,-,E
EGOQ,-,EGG31,ANGLESEY,MONA AIRFIELD,RAF MONA,RNAS ANGLESEY,UNITED KINGDOM,AIRFIELD,DUAL,NO. 1 AIDU CODE - CIVILIAN WHEN OUTSIDE OF RAF OPERATING HOURS. DURING RAF HOURS THE FACILITY IS RAF MONA.,E
EGOQ,-,-,ANGLESEY,RAF MONA,MONA AIRFIELD,RNAS ANGLESEY,UNITED KINGDOM,AIRFIELD,DUAL,NO. 1 AIDU CODE - CIVILIAN WHEN OUTSIDE OF RAF OPERATING HOURS. DURING CIVILIAN HOURS HOURS THE FACILITY IS MONA AIRFIELD.,E
EGOS,-,-,SHAWBURY,RAF SHAWBURY,-,-,UNITED KINGDOM,AIRPORT,MILITARY,-,E
EGOV,VLY,-,ANGLESEY,RAF VALLEY,ANGLESEY AIRPORT,-,UNITED KINGDOM,AIRPORT,DUAL,-,E
EGOW,-,-,FORMBY,RAF WOODVALE,-,HMS RINGTAIL II,UNITED KINGDOM,AIRFIELD,MILITARY,-,E
EGPA,KOI,-,ORKNEY,KIRKWALL AIRPORT,-,RNAS GRIMSETTER,UNITED KINGDOM,AIRPORT,PUBLIC,-,E
EGPB,LSI,-,SUMBURGH,SUMBURGH AIRPORT,-,RAF SUMBURGH,UNITED KINGDOM,AIRPORT,PUBLIC,-,E
EGPC,WIC,-,WICK,WICK JOHN O' GROATS AIRPORT,WICK AIRPORT,RAF WICK,UNITED KINGDOM,AIRPORT,PUBLIC,-,E
EGPD,ABZ,-,ABERDEEN,ABERDEEN INTERNATIONAL AIRPORT,ABERDEEN DYCE AIRPORT,RAF DYCE,UNITED KINGDOM,AIRPORT,PUBLIC,-,E
EGPE,INV,-,INVERNESS,INVERNESS AIRPORT,-,RAF DALCROSS,UNITED KINGDOM,AIRPORT,PUBLIC,-,E
EGPF,GLA,-,GLASGOW,GLASGOW AIRPORT,GLASGOW INTERNATIONAL AIRPORT,HMS SANDERLING,UNITED KINGDOM,AIRPORT,PUBLIC,-,E
EGPG,-,EGC51,CUMBERNAULD,CUMBERNAULD AIRPORT,-,-,UNITED KINGDOM,AIRFIELD,PRIVATE,NO. 1 AIDU CODE,E
EGPH,EDI,-,EDINBURGH,EDINBURGH AIRPORT,-,RAF TURNHOUSE,UNITED KINGDOM,AIRPORT,PUBLIC,-,E
EGPI,ILY,-,ISLAY,ISLAY AIRPORT,GLENEGEDALE AIRPORT,RAF PORT ELLEN,UNITED KINGDOM,AIRPORT,PUBLIC,-,E
EGPJ,-,EGD37,FIFE,FIFE AIRPORT,-,-,UNITED KINGDOM,AIRFIELD,PUBLIC,NO. 1 AIDU CODE,E
EGPK,PIK,-,PRESTWICK,GLASGOW PRESTWICK AIRPORT,PRESTWICK AIRPORT,HMS GANNET,UNITED KINGDOM,AIRPORT,PUBLIC,-,E
EGPL,BEB,-,BENBECULA,BENBECULA AIRPORT,PORT-ADHAIR BHEUNN NA FAOGHLA,RAF BENBECULA,UNITED KINGDOM,AIRPORT,PUBLIC,-,E
EGPM,SCS,-,SCATSTA,SCATSTA AIRPORT,-,RAF SCATSTA,UNITED KINGDOM,AIRPORT,PRIVATE,CLOSED,E
EGPN,DND,-,DUNDEE,DUNDEE AIRPORT,PORT-ADHAIR DHÙN DÈAGH,-,UNITED KINGDOM,AIRPORT,PUBLIC,-,E
EGPO,SYY,-,STORNOWAY,STORNOWAY AIRPORT,PORT-ADHAIR THIRIODH STEÒRNABHAIGH,RAF STORNOWAY,UNITED KINGDOM,AIRPORT,PUBLIC,-,E
EGPR,BRR,EGA57,BARRA,BARRA AIRPORT,BARRA EOLIGARRY AIRPORT,-,UNITED KINGDOM,AIRSTRIP,PUBLIC,NO. 1 AIDU CODE,E
EGPT,PSL,EGH16,PERTH,PERTH AIRPORT,-,RAF SCONE,UNITED KINGDOM,AIRPORT,PUBLIC,NO. 1 AIDU CODE,E
EGPU,TRE,-,ISLE OF TIREE,TIREE AIRPORT,PORT-ADHAIR THIRIODH,RAF TIREE,UNITED KINGDOM,AIRPORT,PUBLIC,-,E
EGPW,UNT,-,UNST,UNST AIRPORT,BALTASOUND AIRPORT,-,UNITED KINGDOM,AIRSTRIP,PRIVATE,-,E
EGQK,FSS,-,KINLOSS,KINLOSS BARRACKS,-,RAF KINLOSS,UNITED KINGDOM,AIRFIELD,MILITARY,CLOSED,E
EGQL,ADX,-,LEUCHARS,LEUCHARS STATION,-,RAF LEUCHARS,UNITED KINGDOM,AIRFIELD,MILITARY,-,E
EGQM,-,-,ALNWICK,RAF BOULMER,-,,UNITED KINGDOM,AIRPORT,MILITARY,-,E
EGQS,LMO,-,LOSSIEMOUTH,RAF LOSSIEMOUTH,-,HMS FULMAR,UNITED KINGDOM,AIRPORT,MILITARY,-,E
EGSA,-,-,SHIPDHAM,SHIPDHAM AIRFIELD,-,RAF SHIPDHAM,UNITED KINGDOM,AIRFIELD,PUBLIC,CLOSED,E
EGSC,CBG,-,CAMBRIDGE,CAMBRIDGE CITY AIRPORT,MARSHALL AIRPORT - CAMBRIDGE,-,UNITED KINGDOM,AIRPORT,PUBLIC,-,E
EGSD,-,-,GREAT YARMOUTH,NORTH DENES AIRFIELD,GREAT YARMOUTH - NORTH DENES AIRPORT,-,UNITED KINGDOM,AIRFIELD,PRIVATE,-,E
EGSF,-,-,PETERBOROUGH,PETERBOROUGH BUSINESS AIRPORT,PETERBOROUGH CONNINGTON AIRPORT,RAF GLATTON,UNITED KINGDOM,AIRFIELD,PRIVATE,-,E
EGSG,-,-,STAPLEFORD,STAPLEFORD AERODROME,STAPLEFORD FLIGHT CENTRE,RAF STAPLEFORD TAWNEY,UNITED KINGDOM,AIRFIELD,PRIVATE,-,E
EGSH,NWI,-,NORWICH,NORWICH AIRPORT,-,RAF HORSHAM ST FAITH,UNITED KINGDOM,AIRPORT,PUBLIC,-,E
EGSJ,-,EGH99,SEETHING,SEETHING AIRFIELD,-,RAF SEETHING,UNITED KINGDOM,AIRFIELD,PUBLIC,NO. 1 AIDU CODE,E
EGSK,-,-,HETHEL,HETHEL AIRFIELD,-,RAF HETHEL,UNITED KINGDOM,AIRFIELD,PRIVATE,-,E
EGSL,-,EGA22,BRAINTREE,ANDREWSFIELD AERODROME,-,RAF ANDREWS FIELD,UNITED KINGDOM,AIRFIELD,PUBLIC,-,E
EGSM,-,EGA66,BECCLES,BECCLES AERODROME,ELLOUGH AIRFIELD,RAF BECCLES,UNITED KINGDOM,AIRFIELD,PRIVATE,NO. 1 AIDU CODE,E
EGSN,-,-,BOURN,BOURN AIRFIELD,-,RAF BOURN,UNITED KINGDOM,AIRFIELD,PRIVATE,-,E
EGSO,-,EGC47,STOWMARKET,CROWFIELD AIRFIELD,-,-,UNITED KINGDOM,AIRFIELD,PRIVATE,NO. 1 AIDU CODE,E
EGSP,-,EGH17,SIBSON,PETERBOROUGH/SIBSON AIRFIELD,SIBSON AERODROME,-,UNITED KINGDOM,AIRFIELD,PRIVATE,NO. 1 AIDU CODE,E
EGSQ,-,EGC10,CLACTON-ON-SEA,CLACTON AIRFIELD,-,-,UNITED KINGDOM,AIRFIELD,PUBLIC,NO. 1 AIDU CODE,E
EGSR,-,EGC93,HALSTEAD,EARLS COLNE AIRFIELD,-,RAF EARLS COLNE,UNITED KINGDOM,AIRFIELD,PUBLIC,NO. 1 AIDU CODE,E
EGSS,STN,-,STANSTED,STANSTED AIRPORT,-,RAF STANSTED MOUNTFITCHET,UNITED KINGDOM,AIRPORT,PUBLIC,-,E
EGST,-,EGD11,ELMSETT,ELMSETT AIRFIELD,-,-,UNITED KINGDOM,AIRFIELD,PUBLIC,NO. 1 AIDU CODE,E
EGSU,QFO,-,DUXFORD,DUXFORD AIRFIELD,IWM DUXFORD,RAF DUXFORD,UNITED KINGDOM,AIRFIELD,PRIVATE,-,E
EGSV,-,-,OLD BUCKENHAM,OLD BUCKENHAM AERODROME,-,RAF OLD BUCKENHAM,UNITED KINGDOM,AIRFIELD,PRIVATE,-,E
EGSW,-,-,NEWMARKET,NEWMARKET HEATH,-,-,UNITED KINGDOM,AIRSTRIP,PRIVATE,HORSE RACECOURSE,E
EGSX,-,EGG66,HARLOW,NORTH WEALD AIRFIELD,-,RAF NORTH WEALD,UNITED KINGDOM,AIRFIELD,PUBLIC,NO. 1 AIDU CODE,E
EGSY,-,-,SAINT ATHAN,MOD ST ATHAN,BRO TATHAN AIRFIELD,RAF ST ATHAN,UNITED KINGDOM,AIRPORT,DUAL,-,E
EGTB,HYC,EGTBJ76,HIGH WYCOMBE,WYCOMBE AIR PARK,BOOKER AIRFIELD,RAF BOOKER,UNITED KINGDOM,AIRFIELD,PUBLIC,NO. 1 AIDU CODE,E
EGTC,-,-,CRANFIELD,CRANFIELD AIRPORT,-,RAF CRANFIELD,UNITED KINGDOM,AIRFIELD,PRIVATE,-,E
EGTD,-,-,DUNSFOLD,DUNSFOLD AERODROME,-,RAF DUNSFOLD,UNITED KINGDOM,AIRFIELD,PRIVATE,-,E
EGTE,EXT,-,EXETER,EXETER AIRPORT,EXETER INTERNATIONAL AIRPORT,RAF EXETER,UNITED KINGDOM,AIRPORT,PUBLIC,-,E
EGTF,-,EGD24,WOKING,FAIROAKS AIRPORT,-,RAF FAIROAKS,UNITED KINGDOM,AIRFIELD,PUBLIC,NO. 1 AIDU CODE,E
EGTH,-,EGG90,OLD WARDEN,OLD WARDEN AERODROME,SHUTTLEWORTH AERODROME,-,UNITED KINGDOM,AIRFIELD,PRIVATE,NO. 1 AIDU CODE,E
EGTK,OXF,-,OXFORD,LONDON OXFORD AIRPORT,OXFORD AIRPORT,KIDLINGTON AIRPORT,UNITED KINGDOM,AIRPORT,PUBLIC,-,E
EGTN,-,EGD16,CHIPPING NORTON,ENSTONE AIRFIELD,-,RAF ENSTONE,UNITED KINGDOM,AIRFIELD,PUBLIC,NO. 1 AIDU CODE,E
EGTO,RCS,EGH74,ROCHESTER,ROCHESTER AIRPORT,-,-,UNITED KINGDOM,AIRSTRIP,PRIVATE,NO. 1 AIDU CODE,E
EGTP,-,EGH15,PERRANPORTH,PERRANPORTH AIRFIELD,-,RAF PERRANPORTH,UNITED KINGDOM,AIRFIELD,PUBLIC,NO. 1 AIDU CODE,E
EGTR,-,EGD12,WATFORD,LONDON ELSTREE AERODROME,ELSTREE AERODROME,-,UNITED KINGDOM,AIRFIELD,PUBLIC,NO. 1 AIDU CODE,E
EGTU,-,-,HONITON,DUNKESWELL AERODROME,-,RAF DUNKESWELL,UNITED KINGDOM,AIRFIELD,PRIVATE,-,E
EGTW,-,-,OAKSEY,OAKSEY PARK AIRFIELD,-,-,UNITED KINGDOM,AIRFIELD,PRIVATE,-,E
EGUB,BEX,-,BENSON,RAF BENSON,-,-,UNITED KINGDOM,AIRPORT,MILITARY,-,E
EGUD,-,-,ABINGDON,DALTON BARRACKS,-,RAF ABINGDON,UNITED KINGDOM,AIRFIELD,MILITARY,-,E
EGUL,LKZ,-,LAKENHEATH,RAF LAKENHEATH,-,-,UNITED KINGDOM,AIRPORT,MILITARY,USAF STATION,E
EGUN,MHZ,-,MILDENHALL,RAF MILDENHALL,-,-,UNITED KINGDOM,AIRPORT,MILITARY,USAF STATION,E
EGUO,-,-,COLERNE,AZIMGHUR BARRACKS,COLERNE AIRFIELD,RAF COLERNE,UNITED KINGDOM,AIRFIELD,MILITARY,-,E
EGUW,-,-,STOWMARKET,WATTISHAM FLYING STATION,WATTISHAM AIRFIELD,RAF WATTISHAM,UNITED KINGDOM,AIRPORT,MLITARY,-,E
EGUY,QUY,-,WYTON,RAF WYTON,-,-,UNITED KINGDOM,AIRFIELD,MILITARY,-,E
EGVA,FFD,-,FAIRFORD,RAF FAIRFORD,-,-,UNITED KINGDOM,AIRPORT,MILITARY,USAF STATION,E
EGVC,-,-,NO 1 AIDU (RAF),AFTN ADDRESSING CODE,-,-,UNITED KINGDOM,ADMINISTRATIVE,MILITARY,GENERIC ADDRESS FOR THE AERONAUTICAL INFORMATION OFFICE OF THE RAF,E
EGVF,-,-,GOSPORT,FLEETLANDS HELIPORT,,DARA FLEETLANDS,UNITED KINGDOM,HELIPORT,PRIVATE,-,E
EGVH,-,-,HEREFORD,STIRLING LINES,-,RAF CREDENHILL,UNITED KINGDOM,HELIPORT,MILITARY,-,E
EGVL,-,-,LITTLE RISINGTON,LITTLE RISSINGTON AIRFIELD,RAF LITTLE RISSINGTON,-,UNITED KINGDOM,AIRFIELD,MILITARY,-,E
EGVN,BZZ,-,BRIZE NORTON,RAF BRIZE NORTON,-,-,UNITED KINGDOM,AIRPORT,MILITARY,-,E
EGVO,ODH,-,ODIHAM,RAF ODIHAM,-,-,UNITED KINGDOM,AIRPORT,MILITARY,-,E
EGVP,-,-,ANDOVER,MIDDLE WALLOP FLYING STATION,ARMY AIR CORPS MIDDLE WALLOP,RAF MIDDLE WALLOP,UNITED KINGDOM,AIRFIELD,MILITARY,-,E
EGWB,-,-,MOD UK AIR,AFTN ADDRESSING CODE,-,-,UNITED KINGDOM,ADMINISTRATIVE,MILITARY,GENERIC ADDRESS FOR THE ROYAL AIR FORCE,E
EGWC,-,-,COSFORD,RAF COSFORD,-,DCAE COSFORD,UNITED KINGDOM,AIRFIELD,MILITARY,-,E
EGWE,-,-,HENLOW,RAF HENLOW,-,-,UNITED KINGDOM,AIRFIELD,MILITARY,-,E
EGWI,-,-,MOD UK NAVY,AFTN ADDRESSING CODE,-,-,UNITED KINGDOM,ADMINISTRATIVE,MILITARY,GENERIC ADDRESS FOR THE ROYAL NAVY,E
EGWN,-,EGD94,HALTON,RAF HALTON,-,-,UNITED KINGDOM,AIRPORT,MILITARY,NO. 1 AIDU CODE,E
EGWU,NHT,-,NORTHOLT,RAF NORTHOLT,-,-,UNITED KINGDOM,AIRPORT,MILITARY,-,E
EGXC,QCY,-,CONINGSBY,RAF CONINGSBY,-,-,UNITED KINGDOM,AIRPORT,MILITARY,-,E
EGXD,-,-,DISHFORTH,DISHFORTH AIRFIELD,-,RAF DISHFORTH,UNITED KINGDOM,AIRFIELD,MILITARY,-,E
EGXE,-,-,LEEMING BAR,RAF LEEMING,-,-,UNITED KINGDOM,AIRPORT,MILITARY,-,E
EGXH,BEQ,-,HONINGTON,RAF HONINGTON,-,-,UNITED KINGDOM,AIRSTRIP,MILITARY,-,E
EGXP,SQZ,-,SCAMPTON,RAF SCAMPTON,-,-,UNITED KINGDOM,AIRPORT,MILITARY,CLOSED,E
EGXT,-,-,STAMFORD,RAF WITTERING,-,-,UNITED KINGDOM,AIRPORT,MILITARY,-,E
EGXU,HRT,-,LINTON-ON-OUSE,RAF LINTON-ON-OUSE,-,-,UNITED KINGDOM,AIRPORT,MILITARY,CLOSED,E
EGXW,WTN,-,WADDINGTON,RAF WADDINGTON,-,-,UNITED KINGDOM,AIRPORT,MILITARY,-,E
EGXY,-,-,NEWARK-ON-TRENT,RAF SYERSTON,-,-,UNITED KINGDOM,AIRFIELD,MILITARY,-,E
EGXZ,-,-,TOPCLIFFE,RAF TOPCLIFFE,ALANBROOKE BARRACKS,-,UNITED KINGDOM,AIRFIELD,MILITARY,-,E
EGYC,CLF,-,SCOTTOW,SCOTTOW ENTERPRISE PARK,-,RAF COLTISHALL,UNITED KINGDOM,AIRFIELD,PRIVATE,-,E
EGYD,-,-,CRANWELL,RAF CRANWELL,-,-,UNITED KINGDOM,AIRPORT,MILITARY,-,E
EGYE,-,-,GRANTHAM,RAF BARKSTON HEATH,-,-,UNITED KINGDOM,AIRFIELD,MILITARY,-,E
EGYK,-,-,ELVINGTON,ELVINGTON AIRFIELD,-,RAF ELVINGTON,UNITED KINGDOM,AIRSTRIP,PRIVATE,-,E
EGYM,KNF,-,MARHAM,RAF MARHAM,-,-,UNITED KINGDOM,AIRPORT,MILITARY,-,E
EGYP,MPN,-,FALKLAND ISLANDS,RAF MOUNT PLEASANT,MOUNT PLEASANT AIRPORT,-,UNITED KINGDOM,AIRPORT,DUAL,-,E
EGYY,-,-,ROYAL NAVY VESSEL,ALL ROYAL NAVY VESSELS,-,-,UNITED KINGDOM,ADMINISTRATIVE,MILITARY,GENERIC ADDRESS FOR THE ROYAL NAVY FLEET,E
EHAM,-,-,-,AMSTERDAM AIRPORT SCHIPHOL,-,-,NETHERLANDS,,,-,E
EHEH,-,-,-,EINDHOVEN AIRPORT,-,-,NETHERLANDS,,,-,E
EHMZ,-,-,-,MIDDEN-ZEELAND AIRPORT,-,-,NETHERLANDS,,,-,E
EHRD,-,-,-,ROTTERDAM THE HAGUE AIRPORT,-,-,NETHERLANDS,,,-,E
EHSE,-,-,-,BREDA INTERNATIONAL AIRPORT,-,-,NETHERLANDS,,,-,E
EHTE,-,-,-,TEUGE AIRPORT,-,-,NETHERLANDS,,,-,E
EHTW,-,-,-,ENSCHEDE AIRPORT TWENTE,-,-,NETHERLANDS,,,-,E
EHTX,-,-,-,TEXEL INTERNATIONAL AIRPORT,-,-,NETHERLANDS,,,-,E
EIAB,-,-,ABBEYSHRULE,ABBEYSHRULE AERODROME,-,-,IRELAND,,,-,E
EIBB,-,-,BALLYBOUGHAL,BALLYBOUGHAL AIRFIELD,-,-,IRELAND,,,-,E
EIBN,BYT,-,BANTRY,BANTRY AERODROME,-,-,IRELAND,,,-,E
EIBR,-,-,BIRR,BIRR AERODROME,-,-,IRELAND,,,-,E
EIBT,BLY,-,BELMULLET,BELMULLET AERODROME,-,-,IRELAND,,,-,E
EICA,NNR,-,CONNEMARA,CONNEMARA AIRPORT,-,-,IRELAND,,,-,E
EICK,ORK,-,CORK,CORK AIRPORT,-,-,IRELAND,,,-,E
EICL,-,-,CLONBULLOGUE,CLONBULLOGUE AERODROME,-,-,IRELAND,,,-,E
EICM,GWY,-,GALWAY,GALWAY AIRPORT,-,-,IRELAND,,,-,E
EICN,-,-,COONAGH,COONAGH AERODROME,-,-,IRELAND,,,-,E
EIDL,CFN,-,DONEGAL,DONEGAL AIRPORT,-,-,IRELAND,,,-,E
EIDW,DUB,-,DUBLIN,DUBLIN AIRPORT,-,-,IRELAND,,,-,E
EIER,-,-,NENAGH,ERINAGH AERODROME,-,-,IRELAND,,,-,E
EIFR,-,-,BUNDORAN,FINNER CAMP,-,-,IRELAND,HELIPORT,MILITARY,-,E
EIGN,-,-,NAAS,GOWRAN GRANGE AIRFIELD,-,-,IRELAND,,,-,E
EIHN,-,-,HACKETSTOWN,HACKETSTOWN AIRFIELD,-,-,IRELAND,,,-,E
EIIM,IOR,-,INISHMORE,INISHMORE AERODROME,-,-,IRELAND,,,-,E
EIIR,INQ,-,INISHEER,INISHEER AERODROME,-,-,IRELAND,,,-,E
EIKH,-,-,KILDARE,KILRUSH AERODROME,-,-,IRELAND,,,-,E
EIKI,-,-,KILLENAULE,KILLENAULE AIRFIELD,-,-,IRELAND,,,-,E
EIKK,KKY,-,KILKENNY,KILKENNY AIRPORT,-,-,IRELAND,,,-,E
EIKN,NOC,-,KNOCK,IRELAND WEST AIRPORT KNOCK,-,-,IRELAND,,,-,E
EIKY,KIR,-,TRALEE,KERRY AIRPORT,FARRANFORE AIRPORT,-,IRELAND,,,-,E
EILT,LTR,-,LETTERKENNY,LETTERKENNY AIRFIELD,-,-,IRELAND,,,-,E
EIME,-,-,BALDONNEL,CASEMENT AERODROME,-,-,IRELAND,,,-,E
EIMG,-,-,MONEYGALL,MONEYGALL AERODROME,-,-,IRELAND,,,-,E
EIMH,-,-,ATHBOY,ATHBOY AERODROME,-,-,IRELAND,,,-,E
EIMN,IIA,-,INISHMAAN,INISHMAAN AERODROME,-,-,IRELAND,,,-,E
EIMY,-,-,THURLES,MOYNE AERODROME,-,-,IRELAND,,,-,E
EINC,-,-,NEWCASTLE,NEWCASTLE AERODROME,-,-,IRELAND,,,-,E
EINN,SNN,-,SHANNON,SHANNON AIRPORT,-,-,IRELAND,,,-,E
EIPT,-,-,ENNISKERRY,POWERSCOURT AIRFIELD,-,-,IRELAND,,,-,E
EIRE,-,-,ABBEYFEALE,ABBEYFEALE AERODROME,-,-,IRELAND,,,-,E
EIRT,-,-,MALLOW,RATHCOOLE AERODROME,-,-,IRELAND,,,-,E
EISG,SXL,-,SLIGO,SLIGO AIRPORT,-,-,IRELAND,,,-,E
EISP,-,-,SPANISH POINT,SPANISH POINT AIRFIELD,-,-,IRELAND,,,-,E
EITM,-,-,TRIM,TRIM AERODROME,-,-,IRELAND,,,-,E
EITT,-,-,DUNSHAUGHLIN,TREVET AERODROME,-,-,IRELAND,,,-,E
EIWF,-,-,WATERFORD,WATERFORD AIRPORT,-,-,IRELAND,,,-,E
EIWT,WAT,-,DUBLIN,WESTON AIRPORT,-,-,IRELAND,,,-,E
EKAH,AAR,-,AARHUS,AARHUS AIRPORT,-,-,DENMARK,,,-,E
EKBI,-,-,-,BILLUND AIRPORT,-,-,DENMARK,,,-,E
EKCC,-,-,-,COPENHAGEN CITY AIRPORT,-,-,DENMARK,,,-,E
EKCH,-,-,KASTRUP,COPENHAGEN KASTRUP AIRPORT,-,-,DENMARK,,,-,E
EKKA,-,-,KARUP,KARUP AIRPORT,-,-,DENMARK,,,-,E
EKOD,-,-,-,HANS CHRISTIAN ANDERSEN AIRPORT,-,-,DENMARK,,,-,E
EKRK,-,-,ROSKILDE,COPENHAGEN ROSKILDE AIRPORT,-,-,DENMARK,,,-,E
EKSB,-,-,-,SØNDERBORG AIRPORT,-,-,DENMARK,,,-,E
EKVB,-,-,-,VIBORG AIRPORT,-,-,DENMARK,,,-,E
EKVG,-,-,-,VÁGAR AIRPORT,-,-,DENMARK,,,-,E
EKVH,-,-,-,AARS AIRPORT,-,-,DENMARK,,,-,E
EKVJ,-,-,-,STAUNING VESTJYLLAND AIRPORT,-,-,DENMARK,,,-,E
EKYT,-,-,-,AALBORG AIRPORT,-,-,DENMARK,,,-,E
EKYT,AAL,-,AALBORG,AIRPORT,-,-,DENMARK,,DUAL,-,E
ELLX,-,-,-,LUXEMBOURG FINDEL AIRPORT,-,-,LUXEMBOURG,,,-,E
ELNT,-,-,-,NOERTRANGE AIRFIELD,-,-,LUXEMBOURG,,,-,E
ELUS,-,-,-,USELDANGE AIRFIELD,-,-,LUXEMBOURG,,,-,E
ENAL,AES,-,ALESUND,ÅLESUND AIRPORT,ÅLESUND VIGRA AIRPORT,-,NORWAY,LAND AIRPORT,PUBLIC,-,E
ENAL,-,-,-,BERLEVÅG AIRPORT,BERLEVÅG LUFTHAVN,-,NORWAY,STOLPORT,PUBLIC,-,E
ENAN,-,-,-,BODØ AIRPORT,-,-,NORWAY,,,-,E
ENAS,-,-,ÅSTORP,RAKKESTAD AIRPORT,-,-,NORWAY,,,-,E
ENAT,ALF,-,ALTA,ALTA AIRPORT,-,-,NORWAY,,,-,E
ENAT,-,-,-,BJORLI AIRPORT,-,-,NORWAY,,,-,E
ENBL,-,-,EVENES,HARSTAD/NARVIK AIRPORT,-,-,NORWAY,,,-,E
ENBN,-,-,ØYRANE,FØRDE AIRPORT,-,-,NORWAY,,,-,E
ENBO,-,-,BRINGELAND,FØRDE AIRPORT,-,-,NORWAY,,,-,E
ENBR,-,-,LEIRIN,FAGERNES AIRPORT,-,-,NORWAY,,,-,E
ENBS,BJF,-,BÅTSFJORD,BÅTSFJORD AIRPORT,BÅTSFJORD LUFTHAVN,-,NORWAY,STOLPORT,PUBLIC,,E
ENCN,-,-,ÅRØ,MOLDE AIRPORT,-,-,NORWAY,,,-,E
ENDO,-,-,FLATVAL,FRØYA AIRPORT,-,-,NORWAY,,,-,E
ENDU,-,-,TUMLEVOLD,DOKKA AIRPORT,-,-,NORWAY,,,-,E
ENEG,-,-,BANAK,LAKSELV AIRPORT,-,-,NORWAY,,,-,E
ENEN,-,-,KLANTEN,GOL AIRPORT,-,-,NORWAY,,,-,E
ENEV,-,-,-,KAUTOKEINO AIRPORT,-,-,NORWAY,,,-,E
ENFA,-,-,-,HATTFJELLDAL AIRPORT,-,-,NORWAY,,,-,E
ENFB,-,-,RYUM,RØRVIK AIRPORT,-,-,NORWAY,,,-,E
ENFD,-,-,-,HASVIK AIRPORT,-,-,NORWAY,,,-,E
ENFG,-,-,FOLLDAL,GRIMSMOEN AIRPORT,-,-,NORWAY,,,-,E
ENFL,-,-,-,HAMMERFEST AIRPORT,-,-,NORWAY,,,-,E
ENFO,-,-,JARLSBERG,TØNSBERG AIRPORT,-,-,NORWAY,,,-,E
ENFZ,-,-,HØKNESØRA,NAMSOS AIRPORT,-,-,NORWAY,,,-,E
ENGK,-,-,BRØNNØY,BRØNNØYSUND AIRPORT,BRØNNØYSUND LUFTHAVN,-,NORWAY,STOLPORT,PUBLIC,-,E
ENGM,-,-,-,RØST AIRPORT,-,-,NORWAY,,,-,E
ENGN,-,-,EGGEMOEN,HØNEFOSS AIRPORT,-,-,NORWAY,,,-,E
ENGS,-,-,LONGYEAR,SVALBARD AIRPORT,-,-,NORWAY,,,-,E
ENHA,-,-,VALAN,HONNINGSVÅG AIRPORT,-,-,NORWAY,,,-,E
ENHD,-,-,KJEVIK,KRISTIANSAND AIRPORT,-,-,NORWAY,,,-,E
ENHF,-,-,JAN MAYEN,JAN MAYENSFIELD,-,-,NORWAY,,,-,E
ENHK,-,-,HØYBUKTMOEN,KIRKENES AIRPORT,-,-,NORWAY,,,-,E
ENHS,-,-,KVERNBERGET,KRISTIANSUND AIRPORT,-,-,NORWAY,,,-,E
ENHT,-,-,-,KJELLER AIRPORT,-,-,NORWAY,,,-,E
ENHV,-,-,FRITZØE,LARVIK AIRPORT,-,-,NORWAY,,,-,E
ENJA,-,-,-,LEKNES AIRPORT,-,-,NORWAY,,,-,E
ENKA,-,-,NOME,LUNDE AIRPORT,-,-,NORWAY,,,-,E
ENKB,-,-,KJÆRSTAD,MOSJØEN AIRPORT,-,-,NORWAY,,,-,E
ENKJ,-,-,RØSSVOLL,MO I RANA AIRPORT,-,-,NORWAY,,,-,E
ENKL,-,-,-,HOKKSUND AIRPORT,-,-,NORWAY,,,-,E
ENKR,-,-,-,MEHAMN AIRPORT,-,-,NORWAY,,,-,E
ENLB,-,-,-,FLORØ AIRPORT,FLORØ LUFTHAMN,-,NORWAY,STOLPORT,PUBLIC,-,E
ENLI,-,-,STAFSBERG,HAMAR AIRPORT,-,-,NORWAY,,,-,E
ENLK,-,-,FRAMNES,NARVIK AIRPORT,-,-,NORWAY,,,-,E
ENLU,-,-,-,RØROS AIRPORT,-,-,NORWAY,,,-,E
ENLV,-,-,-,SØRKJOSEN AIRPORT,-,-,NORWAY,,,-,E
ENMH,-,-,HAMNERABBEN,NY-ÅLESUND AIRPORT,-,-,NORWAY,,,-,E
ENML,-,-,-,ØRLAND AIRPORT,-,-,NORWAY,,,-,E
ENMS,-,-,HOVDEN,ØRSTA–VOLDA AIRPORT,-,-,NORWAY,,,-,E
ENNA,-,-,RYGGE,MOSS AIRPORT,-,-,NORWAY,,,-,E
ENNK,-,-,GARDERMOEN,OSLO GARDERMOEN AIRPORT,-,-,NORWAY,,,-,E
ENNO,-,-,-,ØSTRE ÆRA AIRPORT,-,-,NORWAY,,,-,E
ENOL,-,-,FRYA,RINGEBU AIRPORT,-,-,NORWAY,,,-,E
ENOP,-,-,-,REINSVOLL AIRPORT,-,-,NORWAY,,,-,E
ENOV,-,-,-,ROGNAN AIRPORT,-,-,NORWAY,,,-,E
ENRA,-,-,FAGERHAUG,OPPDAL AIRPORT,-,-,NORWAY,,,-,E
ENRG,-,-,-,SKI AIRPORT,-,-,NORWAY,,,-,E
ENRI,-,-,STOKKA,SANDNESSJØEN AIRPORT,-,-,NORWAY,,,-,E
ENRK,-,-,ANDA,SANDANE AIRPORT,-,-,NORWAY,,,-,E
ENRM,-,-,GRØNNØRA,SNÅSA AIRPORT,-,-,NORWAY,,,-,E
ENRO,-,-,GEITERYGGEN,SKIEN AIRPORT,-,-,NORWAY,,,-,E
ENRS,-,-,HAUKÅSEN,SOGNDAL AIRPORT,-,-,NORWAY,,,-,E
ENRV,-,-,TORP,SANDEFJORD AIRPORT,-,-,NORWAY,,,-,E
ENRY,-,-,VAKSINEN,OS AIRPORT,-,-,NORWAY,,,-,E
ENSA,-,-,-,VADSØ AIRPORT,-,-,NORWAY,,,-,E
ENSB,-,-,-,TYNSET AIRPORT,-,-,NORWAY,,,-,E
ENSD,-,-,FORUS,STAVANGER AIRPORT,-,-,NORWAY,,,-,E
ENSG,-,-,-,SVEA AIRPORT,-,-,NORWAY,,,-,E
ENSH,-,-,-,VÆRØY AIRPORT,-,-,NORWAY,,,-,E
ENSI,-,-,SØRSTOKKEN,STORD AIRPORT,-,-,NORWAY,,,-,E
ENSM,-,-,DAGALI,GEILO AIRPORT,-,-,NORWAY,,,-,E
ENSN,-,-,VINNU,SUNNDALSØRA AIRPORT,-,-,NORWAY,,,-,E
ENSO,-,-,VÆRNES,TRONDHEIM AIRPORT,-,-,NORWAY,,,-,E
ENSR,-,-,HELLE,SVOLVÆR AIRPORT,-,-,NORWAY,,,-,E
ENST,-,-,SKAGEN,STOKMARKNES AIRPORT,-,-,NORWAY,,,-,E
ENSU,-,-,SÆTERÅSEN,TRYSIL AIRPORT,-,-,NORWAY,,,-,E
ENTC,-,-,SVARTNES,VARDØ AIRPORT,-,-,NORWAY,,,-,E
ENTO,-,-,SOLA,STAVANGER AIRPORT,-,-,NORWAY,,,-,E
ENVA,-,-,BØMOEN,VOSS AIRPORT,-,-,NORWAY,,,-,E
ENZV,-,-,-,TROMSØ AIRPORT,-,-,NORWAY,,,-,E
ETMN,-,-,CUXHAVEN,SEA-AIRPORT CUXHAVEN/NORDHOLZ,-,-,GERMANY,,MILITARY,-,E
ETNL,-,-,-,ROSTOCK-LAAGE AIRPORT,-,-,GERMANY,,MILITARY,-,E
ETNU,-,-,-,NEUBRANDENBURG AIRPORT,-,-,GERMANY,,MILITARY,-,E
ETSI,-,-,-,INGOLSTADT MANCHING AIRPORT,-,-,GERMANY,,MILITARY,-,E
LATI,-,-,TIRANA,TIRANA MOTHER TERESA INTERNATIONAL AIRPORT,-,-,ALBANIA,,,-,L
LCRA,AKT,-,AKROTIRI,RAF AKROTIRI,-,-,CYPRUS,,MILITARY,PART OF THE BRITISH OVERSEAS SOVERIGN BASE AREAS,L
LCRE,-,-,DHEKELIA CANTONMENT,KINGSFIELD AIRSTRIP,-,-,CYPRUS,,MILITARY,PART OF THE BRITISH OVERSEAS SOVERIGN BASE AREAS,L
LEAB,ABC,-,ALBACETE,ALBACETE AIRPORT,-,-,SPAIN,,DUAL,-,L
LEAB,-,-,-,ALBACETE AIRPORT,-,-,SPAIN,,,-,L
LEAG,-,-,-,ALGECIRAS HELIPORT,-,-,SPAIN,HELIPORT,,-,L
LEAL,-,-,-,ALICANTE-ELCHE AIRPORT,-,-,SPAIN,,,-,L
LEAL,ALC,-,ALICANTE,ALICANTE-ELCHE MIGUEL HERNANDEZ AIRPORT,-,-,SPAIN,,,-,L
LEAM,LEI,-,ALMERIA,ALMERIA AIRPORT,-,-,SPAIN,,,-,L
LEAM,-,-,-,ALMERÍA AIRPORT,-,-,SPAIN,,,-,L
LEAS,-,-,-,ASTURIAS AIRPORT,-,-,SPAIN,,,-,L
LEBA,-,-,-,CÓRDOBA AIRPORT,-,-,SPAIN,,,-,L
LEBB,-,-,-,BILBAO AIRPORT,-,-,SPAIN,,,-,L
LEBG,-,-,-,BURGOS AIRPORT,-,-,SPAIN,,,-,L
LEBL,-,-,-,BARCELONA–EL PRAT AIRPORT,-,-,SPAIN,,,-,L
LEBZ,-,-,-,BADAJOZ AIRPORT,-,-,SPAIN,,,-,L
LECH,-,-,-,CASTELLON AIRPORT,-,-,SPAIN,,,-,L
LECO,LCG,-,A CORUÑA,A CORUÑA AIRPORT,-,-,SPAIN,,,-,L
LECU,-,-,-,MADRID-CUATRO VIENTOS AIRPORT,-,-,SPAIN,,,-,L
LEDA,-,-,-,LLEIDA-ALGUAIRE AIRPORT,-,-,SPAIN,,,-,L
LEGA,-,-,-,ARMILLA AIR BASE,-,-,SPAIN,,,-,L
LEGE,-,-,-,GIRONA–COSTA BRAVA AIRPORT,-,-,SPAIN,,,-,L
LEGR,-,-,-,FEDERICO GARCÍA LORCA AIRPORT,-,-,SPAIN,,,-,L
LEGT,-,-,-,GETAFE AIR BASE,-,-,SPAIN,,,-,L
LEHC,-,-,-,HUESCA-PIRINEOS AIRPORT,-,-,SPAIN,,,-,L
LEIB,-,-,-,IBIZA AIRPORT,-,-,SPAIN,,,-,L
LEJR,-,-,-,JEREZ AIRPORT,-,-,SPAIN,,,-,L
LELC,-,-,-,SAN JAVIER AIR BASE,-,-,SPAIN,,,-,L
LELL,-,-,-,SABADELL AIRPORT,-,-,SPAIN,,,-,L
LELN,-,-,-,LEÓN AIRPORT,-,-,SPAIN,,,-,L
LELO,-,-,-,LOGROÑO-AGONCILLO AIRPORT,-,-,SPAIN,,,-,L
LEMD,-,-,-,MADRID–BARAJAS AIRPORT,-,-,SPAIN,,,-,L
LEMG,-,-,-,MÁLAGA AIRPORT,-,-,SPAIN,,,-,L
LEMH,-,-,-,MENORCA AIRPORT,-,-,SPAIN,,,-,L
LEMI,-,-,-,REGIÓN DE MURCIA INTERNATIONAL AIRPORT,-,-,SPAIN,,,-,L
LEMO,-,-,-,MORÓN AIR BASE,-,-,SPAIN,,,-,L
LEPA,-,-,-,PALMA DE MALLORCA AIRPORT,-,-,SPAIN,,,-,L
LEPO,-,-,-,POLLENÇA SEAPLANE BASE,-,-,SPAIN,,,-,L
LEPP,-,-,-,PAMPLONA-NÓAIN AIRPORT,-,-,SPAIN,,,-,L
LERI,-,-,-,ALCANTARILLA AIR BASE,-,-,SPAIN,,,-,L
LERS,-,-,-,REUS AIRPORT,-,-,SPAIN,,,-,L
LERT,-,-,-,ROTA NAVAL AIR BASE,-,-,SPAIN,,,-,L
LESA,-,-,-,SALAMANCA AIRPORT,-,-,SPAIN,,,-,L
LESB,-,-,-,SON BONET AIRPORT,-,-,SPAIN,,,-,L
LESL,-,-,-,SAN LUIS AERODROME,-,-,SPAIN,,,-,L
LESO,-,-,-,SAN SEBASTIÁN AIRPORT,-,-,SPAIN,,,-,L
LEST,-,-,-,SANTIAGO DE COMPOSTELA AIRPORT,-,-,SPAIN,,,-,L
LESU,-,-,-,ANDORRA–LA SEU D'URGELL AIRPORT,-,-,SPAIN,,,-,L
LETL,-,-,-,TERUEL AIRPORT,-,-,SPAIN,,,-,L
LETO,-,-,-,MADRID-TORREJÓN AIRPORT,-,-,SPAIN,,,-,L
LEVC,-,-,-,VALENCIA AIRPORT,-,-,SPAIN,,,-,L
LEVD,-,-,-,VALLADOLID AIRPORT,-,-,SPAIN,,,-,L
LEVT,-,-,-,VITORIA AIRPORT,-,-,SPAIN,,,-,L
LEVX,-,-,-,VIGO-PEINADOR AIRPORT,-,-,SPAIN,,,-,L
LEXJ,-,-,-,SANTANDER AIRPORT,-,-,SPAIN,,,-,L
LEZG,-,-,-,ZARAGOZA AIRPORT,-,-,SPAIN,,,-,L
LEZL,-,-,-,SEVILLE AIRPORT,-,-,SPAIN,,,-,L
LFAB,DPE,-,DIEPPE,DIEPPE - SAINT-AUBIN AIRPORT,-,-,FRANCE,,,-,L
LFAC,CQF,-,CALAIS,CALAIS–DUNKERQUE AIRPORT,-,-,FRANCE,,,-,L
LFAD,XCP,-,COMPIÈGNE,COMPIÈGNE - MARGNY AIRPORT,-,-,FRANCE,,,-,L
LFAE,-,-,EU,EU - MERS - LE TRÉPORT AERODROME,-,-,FRANCE,,,-,L
LFAF,XLN,-,LAON,LAON - CHAMBRY AIRPORT,-,-,FRANCE,,,-,L
LFAG,-,-,PÉRONNE,PERONNE-ST QUENTIN AIRPORT,-,-,FRANCE,,,-,L
LFAI,-,-,NANGIS,NANGIS LES LOGES AERODROME,-,-,FRANCE,,,-,L
LFAJ,-,-,ARGENTAN,ARGENTAN AERODROME,-,-,FRANCE,,,-,L
LFAK,XDK,-,DUNKIRK,DUNKERQUE – LES MOËRES AIRPORT,-,-,FRANCE,,,-,L
LFAL,-,-,LA FLÈCHE,LA FLÈCHE - THORÉE-LES-PINS AERODROME,-,-,FRANCE,,,-,L
LFAM,-,-,BERCK,BERCK-SUR-MER AIRPORT,-,-,FRANCE,,,-,L
LFAN,-,-,CONDÉ-SUR-NOIREAU,CONDÉ-SUR-NOIREAU AERODROME,-,-,FRANCE,,,-,L
LFAO,-,-,BAGNOLES-DE-L'ORNE,BAGNOLES-DE-L'ORNE - COUTERNE AIRPORT,-,-,FRANCE,,,-,L
LFAP,-,-,RETHEL,RETHEL - PERTHES AERODROME,-,-,FRANCE,,,-,L
LFAQ,BYF,-,ALBERT,ALBERT – PICARDIE AIRPORT,-,-,FRANCE,,,-,L
LFAR,-,-,MONTDIDIER,MONTDIDIER AERODROME,-,-,FRANCE,,,-,L
LFAS,-,-,FALAISE,FALAISE - MONTS D'ERAINES AERODROME,-,-,FRANCE,,,-,L
LFAT,LTQ,-,LE TOUQUET,LE TOUQUET – CÔTE D'OPALE AIRPORT,-,-,FRANCE,,,-,L
LFAU,-,-,VAUVILLE,VAUVILLE AERODROME,-,-,FRANCE,,,-,L
LFAV,XVS,-,VALENCIENNES,VALENCIENNES-DENAIN AIRPORT,-,-,FRANCE,,,-,L
LFAW,-,-,VILLERUPT,VILLERUPT AERODROME,-,-,FRANCE,,,-,L
LFAX,-,-,MORTAGNE-AU-PERCHE,MORTAGNE AERODROME,-,-,FRANCE,,,-,L
LFAY,QAM,-,AMIENS,AMIENS – GLISY AERODROME,-,-,FRANCE,,,-,L
LFBA,AGF,-,AGEN,AGEN LA GARENNE AIRPORT,-,-,FRANCE,,,-,L
LFBC,-,-,LA TESTE-DE-BUCH,CAZAUX AIR BASE,-,-,FRANCE,,,-,L
LFBD,BOD,-,MÉRIGNAC,BORDEAUX–MÉRIGNAC AIRPORT,-,-,FRANCE,,,-,L
LFBE,EGC,-,BERGERAC,BERGERAC DORDOGNE PÉRIGORD AIRPORT,-,-,FRANCE,,,-,L
LFBF,-,-,FRANCAZAL,TOULOUSE - FRANCAZAL AIR BASE,-,-,FRANCE,,,-,L
LFBG,CNG,-,CHÂTEAUBERNARD,COGNAC – CHÂTEAUBERNARD AIR BASE,-,-,FRANCE,,,-,L
LFBH,LRH,-,LA ROCHELLE,LA ROCHELLE – ÎLE DE RÉ AIRPORT,-,-,FRANCE,,,-,L
LFBI,PIS,-,POITIERS,POITIERS–BIARD AIRPORT,-,-,FRANCE,,,-,L
LFBJ,-,-,SAINT-JUNIEN,SAINT-JUNIEN MARYSE BASTIÉ AIRPORT,-,-,FRANCE,,,-,L
LFBK,MCU,-,LÉPAUD,MONTLUÇON – GUÉRET AIRPORT,-,-,FRANCE,,,-,L
LFBL,LIG,-,LIMOGES,LIMOGES – BELLEGARDE AIRPORT,-,-,FRANCE,,,-,L
LFBM,XMJ,-,MONT-DE-MARSAN,MONT-DE-MARSAN AIR BASE,-,-,FRANCE,,,-,L
LFBN,NIT,-,NIORT,NIORT - SOUCHÉ AIRPORT,-,-,FRANCE,,,-,L
LFBO,TLS,-,TOULOUSE,TOULOUSE–BLAGNAC AIRPORT,-,-,FRANCE,,,-,L
LFBP,PUF,-,PAU,PAU PYRÉNÉES AIRPORT,-,-,FRANCE,,,-,L
LFBR,-,-,LHERM,MURET – LHERM AERODROME,-,-,FRANCE,,,-,L
LFBS,-,-,BISCARROSSE,BISCARROSSE – PARENTIS AIRPORT,-,-,FRANCE,,,-,L
LFBT,LDE,-,TARBES,TARBES–LOURDES–PYRÉNÉES AIRPORT,-,-,FRANCE,,,-,L
LFBU,ANG,-,ANGOULÊME,ANGOULÊME – COGNAC INTERNATIONAL AIRPORT,-,-,FRANCE,,,-,L
LFBX,PGX,-,BASSILLAC,PÉRIGUEUX BASSILLAC AIRPORT,-,-,FRANCE,,,-,L
LFBY,XDA,-,DAX,DAX - SEYRESSE AIRPORT,-,-,FRANCE,,,-,L
LFBZ,BIQ,-,BIARRITZ,BIARRITZ PAYS BASQUE AIRPORT,-,-,FRANCE,,,-,L
LFCA,XCX,-,CHÂTELLERAULT,CHÂTELLERAULT - TARGE AIRPORT,-,-,FRANCE,,,-,L
LFCB,-,-,BAGNÈRES-DE-LUCHON,BAGNÈRES-DE-LUCHON AIRPORT,-,-,FRANCE,,,-,L
LFCC,ZAO,-,CAHORS,CAHORS - LALBENQUE AIRPORT,-,-,FRANCE,,,-,L
LFCD,-,-,ANDERNOS-LES-BAINS,ANDERNOS-LES-BAINS AIRPORT,-,-,FRANCE,,,-,L
LFCE,XGT,-,GUÉRET,GUÉRET - SAINT-LAURENT AIRPORT,-,-,FRANCE,,,-,L
LFCF,-,-,FIGEAC,FIGEAC - LIVERNON AIRPORT,-,-,FRANCE,,,-,L
LFCG,-,-,SAINT-GIRONS,SAINT-GIRONS - ANTICHAN AIRPORT,-,-,FRANCE,,,-,L
LFCH,XAC,-,ARCACHON,ARCACHON – LA TESTE-DE-BUCH AIRPORT,-,-,FRANCE,,,-,L
LFCI,LBI,-,ALBI,ALBI - LE SEQUESTRE AERODROME,-,-,FRANCE,,,-,L
LFCJ,-,-,JONZAC,JONZAC - NEULLES AIRPORT,-,-,FRANCE,,,-,L
LFCK,DCM,-,CASTRES,CASTRES–MAZAMET AIRPORT,-,-,FRANCE,,,-,L
LFCL,-,-,BALMA,TOULOUSE – LASBORDES AIRPORT,-,-,FRANCE,,,-,L
LFCM,-,-,MILLAU,MILLAU - LARZAC AIRPORT,-,-,FRANCE,,,-,L
LFCN,-,-,NOGARO,NOGARO AIRPORT,-,-,FRANCE,,,-,L
LFCO,-,-,OLORON-SAINTE-MARIE,OLORON - HERRÈRE AIRPORT,-,-,FRANCE,,,-,L
LFCP,-,-,PONS,PONS - AVY AIRPORT,-,-,FRANCE,,,-,L
LFCQ,-,-,GRAULHET,GRAULHET - MONTDRAGON AIRPORT,-,-,FRANCE,,,-,L
LFCR,RDZ,-,SALLES-LA-SOURCE,RODEZ–AVEYRON AIRPORT,-,-,FRANCE,,,-,L
LFCS,-,-,LÉOGNAN,BORDEAUX - LEOGNAN - SAUCATS AIRPORT,-,-,FRANCE,,,-,L
LFCT,-,-,THOUARS,THOUARS AIRPORT,-,-,FRANCE,,,-,L
LFCU,-,-,USSE,USSEL - THALAMY AIRPORT,-,-,FRANCE,,,-,L
LFCV,-,-,VILLEFRANCHE-DE-ROUERGUE,VILLEFRANCHE-DE-ROUERGUE AIRPORT,-,-,FRANCE,,,-,L
LFCW,-,-,VILLENEUVE-SUR-LOT,VILLENEUVE-SUR-LOT AIRPORT,-,-,FRANCE,,,-,L
LFCX,-,-,CASTELSARRASIN,CASTELSARRAZIN - MOISSAC AIRPORT,-,-,FRANCE,,,-,L
LFCY,RYN,-,ROYAN,ROYAN – MÉDIS AERODROME,-,-,FRANCE,,,-,L
LFCZ,-,-,MIMIZAN,MIMIZAN AIRPORT,-,-,FRANCE,,,-,L
LFDA,-,-,AIRE-SUR-L'ADOUR,AIRE-SUR-L'ADOUR AIRPORT,-,-,FRANCE,,,-,L
LFDB,XMW,-,MONTAUBAN,MONTAUBAN AIRPORT,-,-,FRANCE,,,-,L
LFDC,-,-,MONTENDRE,MONTENDRE - MARCILLAC AIRPORT,-,-,FRANCE,,,-,L
LFDE,-,-,ÉGLETONS,ÉGLETONS AIRPORT,-,-,FRANCE,,,-,L
LFDF,-,-,SAINTE-FOY-LA-GRANDE,SAINTE-FOY-LA-GRANDE AIRPORT,-,-,FRANCE,,,-,L
LFDG,-,-,GAILLAC,GAILLAC - LISLE-SUR-TARN AIRPORT,-,-,FRANCE,,,-,L
LFDH,-,-,AUCH,AUCH - LAMOTHE AIRPORT,-,-,FRANCE,,,-,L
LFDI,XLR,-,LIBOURNE,LIBOURNE - ARTIGUES-DE-LUSSAC AIRPORT,-,-,FRANCE,,,-,L
LFDJ,-,-,PAMIERS,PAMIERS - LES PUJOLS AIRPORT,-,-,FRANCE,,,-,L
LFDK,-,-,SOULAC-SUR-MER,SOULAC-SUR-MER AIRPORT,-,-,FRANCE,,,-,L
LFDL,-,-,LOUDUN,LOUDUN AIRPORT,-,-,FRANCE,,,-,L
LFDM,-,-,MARMANDE,MARMANDE – VIRAZEIL AIRPORT,-,-,FRANCE,,,-,L
LFDN,RCO,-,ROCHEFORT,ROCHEFORT – SAINT-AGNANT AIRPORT,-,-,FRANCE,,,-,L
LFDO,-,-,SOUGE,BORDEAUX - SOUGE AERODROME,-,-,FRANCE,,,-,L
LFDP,-,-,SAINT-PIERRE-D'OLÉRON,SAINT-PIERRE-D'OLÉRON AIRPORT,-,-,FRANCE,,,-,L
LFDQ,-,-,CASTELNAU-MAGNOAC,CASTELNAU-MAGNOAC AERODROME,-,-,FRANCE,,,-,L
LFDR,-,-,LA RÉOLE,LA RÉOLE - FLOUDÈS AIRPORT,-,-,FRANCE,,,-,L
LFDS,XSL,-,SARLAT-LA-CANÉDA,SARLAT - DOMME AIRPORT,-,-,FRANCE,,,-,L
LFDU,-,-,LESPARRE-MÉDOC,LESPARRE - SAINT-LAURENT-DE-MÉDOC AIRPORT,-,-,FRANCE,,,-,L
LFDV,-,-,COUHÉ,COUHÉ - VÉRAC AIRPORT,-,-,FRANCE,,,-,L
LFDW,-,-,CHAUVIGNY,CHAUVIGNY AIRPORT,-,-,FRANCE,,,-,L
LFDX,-,-,FUMEL,FUMEL - MONTAYRAL AIRPORT,-,-,FRANCE,,,-,L
LFDY,-,-,YVRAC,BORDEAUX - YVRAC AERODROME,-,-,FRANCE,,,-,L
LFEA,-,-,BELLE ÎLE,BELLE-ÎLE AERODROME,-,-,FRANCE,,,-,L
LFEB,-,-,DINAN,DINAN - TRÉLIVAN AIRPORT,-,-,FRANCE,,,-,L
LFEC,-,-,USHANT,OUESSANT AIRPORT,-,-,FRANCE,,,-,L
LFED,-,-,PONTIVY,PONTIVY AIRPORT,-,-,FRANCE,,,-,L
LFEF,XAM,-,AMBOISE,AMBOISE - DIERRE AIRPORT,-,-,FRANCE,,,-,L
LFEG,-,-,ARGENTON-SUR-CREUSE,ARGENTON-SUR-CREUSE AIRPORT,-,-,FRANCE,,,-,L
LFEH,-,-,AUBIGNY-SUR-NÈRE,AUBIGNY-SUR-NÈRE AIRPORT,-,-,FRANCE,,,-,L
LFEI,-,-,BRIARE,BRIARE - CHÂTILLON AIRPORT,-,-,FRANCE,,,-,L
LFEJ,-,-,CHÂTEAUROUX,CHÂTEAUROUX - VILLERS AIRPORT,-,-,FRANCE,,,-,L
LFEK,-,-,ISSOUDUN,ISSOUDUN - LE FAY AIRPORT,-,-,FRANCE,,,-,L
LFEL,-,-,LE BLANC,LE BLANC AIRPORT,-,-,FRANCE,,,-,L
LFEM,-,-,MONTARGIS,MONTARGIS - VIMORY AIRPORT,-,-,FRANCE,,,-,L
LFEN,-,-,SORIGNY,TOURS - SORIGNY AIRPORT,-,-,FRANCE,,,-,L
LFEO,XSB,-,SAINT-MALO,SAINT-SERVAN AIRPORT,-,-,FRANCE,,,-,L
LFEP,-,-,POUILLY-EN-AUXOIS,POUILLY - MACONGE AERODROME,-,-,FRANCE,,,-,L
LFEQ,-,-,QUIBERON,QUIBERON AERODROME,-,-,FRANCE,,,-,L
LFER,XRN,-,REDON,REDON - BAINS-SUR-OUST AERODROME,-,-,FRANCE,,,-,L
LFES,-,-,GUISCRIFF,GUISCRIFF SCAER AIRPORT,-,-,FRANCE,,,-,L
LFET,-,-,TIL-CHÂTEL,TIL-CHÂTEL AIRPORT,-,-,FRANCE,,,-,L
LFEU,XBD,-,BAR-LE-DUC,BAR-LE-DUC - LES HAUTS-DE-CHÉE AIRPORT,-,-,FRANCE,,,-,L
LFEV,-,-,GRAY,GRAY - SAINT-ADRIEN AIRPORT,-,-,FRANCE,,,-,L
LFEW,-,-,SAULIEU,SAULIEU - LIERNAIS AIRPORT,-,-,FRANCE,,,-,L
LFEX,-,-,NANCY,NANCY - AZELOT AERODROME,-,-,FRANCE,,,-,L
LFEY,IDY,-,ÎLE D'YEU,ÎLE D'YEU AERODROME,-,-,FRANCE,,,-,L
LFEZ,-,-,MALZÉVILLE,NANCY - MALZÉVILLE AERODROME,-,-,FRANCE,,,-,L
LFFB,-,-,BUNO-BONNEVAUX,BUNO-BONNEVAUX AERODROME,-,-,FRANCE,,,-,L
LFFC,-,-,MANTES-LA-JOLIE,MANTES - CHÉRENCE AERODROME,-,-,FRANCE,,,-,L
LFFD,-,-,SAINT-ANDRÉ-DE-L'EURE,SAINT-ANDRÉ-DE-L'EURE AIRPORT,-,-,FRANCE,,,-,L
LFFE,-,-,ENGHIEN-LES-BAINS,ENGHIEN - MOISSELLES AIRPORT,-,-,FRANCE,,,-,L
LFFG,-,-,LA FERTÉ-GAUCHER,LA FERTÉ-GAUCHER AERODROME,-,-,FRANCE,,,-,L
LFFH,XCY,-,CHÂTEAU-THIERRY,CHÂTEAU-THIERRY – BELLEAU AERODROME,-,-,FRANCE,,,-,L
LFFI,-,-,ANCENIS,ANCENIS AERODROME,-,-,FRANCE,,,-,L
LFFJ,-,-,JOINVILLE,JOINVILLE - MUSSEY AERODROME,-,-,FRANCE,,,-,L
LFFK,-,-,FONTENAY-LE-COMTE,FONTENAY-LE-COMTE AIRPORT,-,-,FRANCE,,,-,L
LFFL,-,-,BAILLEAU-ARMENONVILLE,BAILLEAU-ARMENONVILLE AERODROME,-,-,FRANCE,,,-,L
LFFM,-,-,LAMOTTE-BEUVRON,LAMOTTE-BEUVRON AERODROME,-,-,FRANCE,,,-,L
LFFN,-,-,BRIENNE-LE-CHÂTEAU,BRIENNE-LE-CHÂTEAU AIRPORT,-,-,FRANCE,,,-,L
LFFP,-,-,PITHIVIERS,PITHIVIERS AERODROME,-,-,FRANCE,,,-,L
LFFQ,-,-,LA FERTÉ-ALAIS,LA FERTÉ-ALAIS AERODROME,-,-,FRANCE,,,-,L
LFFR,-,-,BAR-SUR-SEINE,BAR-SUR-SEINE AERODROME,-,-,FRANCE,,,-,L
LFFT,-,-,NEUFCHÂTEAU,NEUFCHÂTEAU AIRPORT,-,-,FRANCE,,,-,L
LFFU,-,-,CHÂTEAUNEUF-SUR-CHER,CHÂTEAUNEUF-SUR-CHER AIRPORT,-,-,FRANCE,,,-,L
LFFV,XVZ,-,VIERZON,VIERZON - MÉREAU AERODROME,-,-,FRANCE,,,-,L
LFFW,-,-,SAINT-GEORGES-DE-MONTAIGU,MONTAIGU - SAINT-GEORGES AIRPORT,-,-,FRANCE,,,-,L
LFFX,-,-,TOURNUS,TOURNUS - CRUISERY AERODROME,-,-,FRANCE,,,-,L
LFFY,-,-,ÉTRÉPAGNY,ÉTRÉPAGNY AERODROME,-,-,FRANCE,,,-,L
LFFZ,-,-,SÉZANNE,SÉZANNE - SAINT-REMY AIRPORT,-,-,FRANCE,,,-,L
LFGA,CMR,-,COLMAR,COLMAR AIRPORT,-,-,FRANCE,,,-,L
LFGB,-,-,HABSHEIM,MULHOUSE–HABSHEIM AIRPORT,-,-,FRANCE,,,-,L
LFGC,-,-,STRASBOURG,STRASBOURG - NEUHOF AIRPORT,-,-,FRANCE,,,-,L
LFGD,-,-,ARBOIS,ARBOIS AERODROME,-,-,FRANCE,,,-,L
LFGE,-,-,AVALLON,AVALLON AIRPORT,-,-,FRANCE,,,-,L
LFGF,XBV,-,BEAUNE,BEAUNE - CHALLANGES AIRPORT,-,-,FRANCE,,,-,L
LFGG,-,-,BELFORT,BELFORT CHAUX AIRPORT,-,-,FRANCE,,,-,L
LFGH,-,-,COSNE-COURS-SUR-LOIRE,COSNE-SUR-LOIRE AIRPORT,-,-,FRANCE,,,-,L
LFGI,-,-,DIJON,DIJON - DAROIS AIRPORT,-,-,FRANCE,,,-,L
LFGJ,DLE,-,DOLE,DOLE–JURA AIRPORT,-,-,FRANCE,,,-,L
LFGK,-,-,JOIGNY,JOIGNY AIRPORT,-,-,FRANCE,,,-,L
LFGL,XLL,-,LONS-LE-SAUNIER,LONS-LE-SAUNIER - COURLAOUX AIRPORT,-,-,FRANCE,,,-,L
LFGM,-,-,MONTCEAU-LES-MINES,MONTCEAU-LES-MINES - POUILLOUX AIRPORT,-,-,FRANCE,,,-,L
LFGN,-,-,PARAY-LE-MONIAL,PARAY-LE-MONIAL AIRPORT,-,-,FRANCE,,,-,L
LFGO,-,-,PONT-SUR-YONNE,PONT-SUR-YONNE AIRPORT,-,-,FRANCE,,,-,L
LFGP,-,-,SAINT-FLORENTIN,SAINT-FLORENTIN - CHÉU AIRPORT,-,-,FRANCE,,,-,L
LFGQ,-,-,SEMUR-EN-AUXOIS,SEMUR-EN-AUXOIS AIRPORT,-,-,FRANCE,,,-,L
LFGR,-,-,DONCOURT-LÈS-CONFLANS,DONCOURT-LÈS-CONFLANS AIRPORT,-,-,FRANCE,,,-,L
LFGS,-,-,LONGUYON,LONGUYON - VILLETTE AIRPORT,-,-,FRANCE,,,-,L
LFGT,-,-,SARREBOURG,SARREBOURG - BUHL AIRPORT,-,-,FRANCE,,,-,L
LFGU,-,-,SARREGUEMINES,SARREGUEMINES - NEUNKIRCH AIRPORT,-,-,FRANCE,,,-,L
LFGV,XTH,-,THIONVILLE,THIONVILLE - YUTZ AIRPORT,-,-,FRANCE,,,-,L
LFGW,XVN,-,VERDUN,VERDUN-LE-ROZELIER AIRPORT,-,-,FRANCE,,,-,L
LFGX,-,-,CHAMPAGNOLE,CHAMPAGNOLE - CROTENAY AERODROME,-,-,FRANCE,,,-,L
LFGY,XTD,-,SAINT-DIÉ-DES-VOSGES,SAINT-DIÉ - REMOMEIX AIRPORT,-,-,FRANCE,,,-,L
LFGZ,-,-,NUITS-SAINT-GEORGES,NUITS-SAINT-GEORGES AERODROME,-,-,FRANCE,,,-,L
LFHA,-,-,ISSOIRE,ISSOIRE - LE BROC AIRPORT,-,-,FRANCE,,,-,L
LFHC,-,-,PÉROUGES,PÉROUGES - MEXIMIEUX AERODROME,-,-,FRANCE,,,-,L
LFHD,-,-,PIERRELATTE,PIERRELATE AIRPORT,-,-,FRANCE,,,-,L
LFHE,-,-,ROMANS-SUR-ISÈRE,ROMANS - SAINT-PAUL AIRPORT,-,-,FRANCE,,,-,L
LFHF,-,-,RUOMS,RUOMS AERODROME,-,-,FRANCE,,,-,L
LFHG,-,-,SAINT-CHAMOND,SAINT-CHAMOND - L'HORME AIRPORT,-,-,FRANCE,,,-,L
LFHH,XVI,-,VIENNE,VIENNE - REVENTIN AIRPORT,-,-,FRANCE,,,-,L
LFHI,-,-,MORESTEL,MORESTEL AERODROME,-,-,FRANCE,,,-,L
LFHJ,-,-,CORBAS,LYON - CORBAS AERODROME,-,-,FRANCE,,,-,L
LFHL,-,-,LANGOGNE,LANGOGNE - LESPÉRON AIRPORT,-,-,FRANCE,,,-,L
LFHM,MVV,-,MEGÈVE,MEGÈVE ALTIPORT,ALTIPORT DE MEGÈVE,-,FRANCE,ALTIPORT,PUBLIC,-,L
LFHN,XBF,-,BELLEGARDE-SUR-VALSERINE,BELLEGARDE - VOUVRAY AERODROME,-,-,FRANCE,,,-,L
LFHO,OBS,-,AUBENAS,AUBENAS AERODROME,-,-,FRANCE,,,-,L
LFHP,LPY,-,LE PUY-EN-VELAY,LE PUY – LOUDES AIRPORT,-,-,FRANCE,,,-,L
LFHQ,-,-,SAINT-FLOUR,SAINT-FLOUR - COLTINES AIRPORT,-,-,FRANCE,,,-,L
LFHR,-,-,BRIOUDE,BRIOUDE - BEAUMONT AIRPORT,-,-,FRANCE,,,-,L
LFHS,XBK,-,BOURG-EN-BRESSE,BOURG – CEYZÉRIAT AIRPORT,-,-,FRANCE,,,-,L
LFHT,-,-,AMBERT,AMBERT - LE POYET AIRPORT,-,-,FRANCE,,,-,L
LFHU,AHZ,-,L'ALPE D'HUEZ,ALPE D'HUEZ AIRPORT,-,-,FRANCE,ALTIPORT,PUBLIC,-,L
LFHV,XVF,-,VILLEFRANCHE-SUR-SAÔNE,VILLEFRANCHE – TARARE AIRPORT,-,-,FRANCE,,,-,L
LFHW,-,-,BELLEVILLE,BELLEVILLE - VILLIÉ-MORGON AERODROME,-,-,FRANCE,,,-,L
LFHX,-,-,LAPALISSE,LAPALISSE - PÉRIGNY AIRPORT,-,-,FRANCE,,,-,L
LFHY,XMU,-,MOULINS,MOULINS – MONTBEUGNY AIRPORT,-,-,FRANCE,,,-,L
LFHZ,XSN,-,SALLANCHES,SALLANCHES AERODROME,-,-,FRANCE,,,-,L
LFIB,-,-,BELVÈS,BELVÈS - SAINT-PARDOUX AERODROME,-,-,FRANCE,,,-,L
LFID,-,-,CONDOM,CONDOM - VALENCE-SUR-BAÏSE AIRPORT,-,-,FRANCE,,,-,L
LFIF,-,-,SAINT-AFFRIQUE,SAINT-AFFRIQUE - BELMONT AERODROME,-,-,FRANCE,,,-,L
LFIG,-,-,CASSAGNES-BÉGONHÈS,CASSAGNES-BÉGONHÈS AIRPORT,-,-,FRANCE,,,-,L
LFIH,-,-,CHALAIS,CHALAIS AIRPORT,-,-,FRANCE,,,-,L
LFIK,-,-,RIBÉRAC,RIBÉRAC - SAINT-AULAYE AERODROME,-,-,FRANCE,,,-,L
LFIL,-,-,RION-DES-LANDES,RION-DES-LANDES AERODROME,-,-,FRANCE,,,-,L
LFIM,-,-,SAINT-GAUDENS,SAINT-GAUDENS - MONTRÉJEAU AIRPORT,-,-,FRANCE,,,-,L
LFIP,-,-,COL DE PEYRESOURDE,PEYRESOURDE - BALESTAS ALTIPORT,-,-,FRANCE,ALTIPORT,PUBLIC,-,L
LFIR,-,-,REVEL,REVEL - MONTGEY AERODROME,-,-,FRANCE,,,-,L
LFIV,-,-,VENDAYS-MONTALIVET,VENDAYS-MONTALIVET AERODROME,-,-,FRANCE,,,-,L
LFIX,-,-,ITXASSOU,ITXASSOU AERODROME,-,-,FRANCE,,,-,L
LFIY,-,-,SAINT-JEAN-D'ANGÉLY,SAINT-JEAN-D'ANGÉLY - SAINT-DENIS-DU-PIN AERODROME,-,-,FRANCE,,,-,L
LFJA,XCW,-,CHAUMONT,QUARTIER GÉNÉRAL D'ABOVILLE,-,-,FRANCE,,,-,L
LFJB,-,-,MAULÉON,MAULÉON AIRPORT,-,-,FRANCE,,,-,L
LFJC,-,-,CLAMECY,CLAMECY AIRPORT,-,-,FRANCE,,,-,L
LFJD,-,-,CORLIER,CORLIER AERODROME,AÉRODROME DE CORLIER,-,FRANCE,ALTIPORT,PUBLIC,-,L
LFJE,-,-,LA MOTTE-CHALANCON,LA MOTTE-CHALANCON AERODROME,-,-,FRANCE,ALTIPORT,PUBLIC,-,L
LFJF,-,-,AUBENASSON,AUBENASSON AERODROME,-,-,FRANCE,,,-,L
LFJH,-,-,CAZÈRES,CAZÈRES - PALAMINY AERODROME,-,-,FRANCE,,,-,L
LFJI,-,-,MARENNES,MARENNES AERODROME,-,-,FRANCE,,,-,L
LFJL,ETZ,-,GOIN,METZ–NANCY–LORRAINE AIRPORT,-,-,FRANCE,,,-,L
LFJR,ANE,-,MARCÉ,ANGERS – LOIRE AIRPORT,-,-,FRANCE,,,-,L
LFJS,XSS,-,SOISSONS,SOISSONS - COURMELLES AIRPORT,-,-,FRANCE,,,-,L
LFJT,-,-,LE LOUROUX,TOURS - LE LOUROUX AERODROME,-,-,FRANCE,,,-,L
LFJU,-,-,LURCY-LÉVIS,LURCY-LÉVIS AERODROME,-,-,FRANCE,,,-,L
LFKA,XAV,-,ALBERTVILLE,ALBERTVILLE AERODROME,-,-,FRANCE,,,-,L
LFKB,BIA,-,BASTIA,BASTIA – PORETTA AIRPORT,-,-,FRANCE,,,-,L
LFKC,CLY,-,CALVI,CALVI – SAINTE-CATHERINE AIRPORT,-,-,FRANCE,,,-,L
LFKD,-,-,SOLLIÈRES-SARDIÈRES,SOLLIÈRES-SARDIÈRES AERODROME,-,-,FRANCE,,,-,L
LFKE,-,-,SAINT-JEAN-EN-ROYANS,SAINT-JEAN-EN-ROYANS AERODROME,-,-,FRANCE,,,-,L
LFKF,FSC,-,FIGARI CORSE-DU-SUD,FIGARI–SUD CORSE AIRPORT,-,-,FRANCE,,,-,L
LFKG,-,-,GHISONACCIA,GHISONACCIA ALZITONE AIRPORT,-,-,FRANCE,,,-,L
LFKH,-,-,SAINT-JEAN-D'AVELANNE,SAINT-JEAN-D'AVELANNE AERODROME,-,-,FRANCE,,,-,L
LFKJ,AJA,-,AJACCIO,AJACCIO NAPOLEON BONAPARTE AIRPORT,-,-,FRANCE,,,-,L
LFKL,-,-,LYON,LYON - BRINDAS AERODROME,-,-,FRANCE,,,-,L
LFKM,-,-,SAINT-GALMIER,SAINT-GALMIER AERODROME,-,-,FRANCE,,,-,L
LFKO,PRP,-,PROPRIANO,PROPRIANO AIRPORT,-,-,FRANCE,,,-,L
LFKP,-,-,LA TOUR-DU-PIN,LA TOUR-DU-PIN - CESSIEU AERODROME,-,-,FRANCE,,,-,L
LFKR,-,-,SAINT-RÉMY-DE-MAURIENNE,SAINT-RÉMY-DE-MAURIENNE AERODROME,-,-,FRANCE,,,-,L
LFKS,SOZ,-,VENTISERI,SOLENZARA AIR BASE,-,-,FRANCE,,,-,L
LFKT,-,-,CORTE,CORTE AIRPORT,-,-,FRANCE,,,-,L
LFKX,MFX,-,LES ALLUES,MÉRIBEL ALTIPORT,ALTIPORT DE MÉRIBEL,-,FRANCE,ALTIPORT,PUBLIC,-,L
LFKY,-,-,BELLEY,BELLEY - PEYRIEU AERODROME,-,-,FRANCE,,,-,L
LFKZ,XTC,-,SAINT-CLAUDE,SAINT-CLAUDE - PRATZ AERODROME,-,-,FRANCE,,,-,L
LFLA,AUF,-,AUXERRE,AUXERRE – BRANCHES AERODROME,-,-,FRANCE,,,-,L
LFLB,CMF,-,CHAMBÉRY,CHAMBÉRY AIRPORT,-,-,FRANCE,,,-,L
LFLC,CFE,-,AULNAT,CLERMONT-FERRAND AUVERGNE AIRPORT,-,-,FRANCE,,,-,L
LFLD,BOU,-,BOURGES,BOURGES AIRPORT,-,-,FRANCE,,,-,L
LFLE,-,-,CHALLES-LES-EAUX,CHAMBÉRY AERODROME,-,-,FRANCE,,,-,L
LFLG,-,-,LE VERSOUD,GRENOBLE – LE VERSOUD AERODROME,-,-,FRANCE,,,-,L
LFLH,XCD,-,CHAMPFORGEUIL,CHALON – CHAMPFORGEUIL AIRPORT,-,-,FRANCE,,,-,L
LFLI,QNJ,-,ANNEMASSE,ANNEMASSE AERODROME,-,-,FRANCE,,,-,L
LFLJ,CVF,-,COURCHEVEL,COURCHEVEL ALTIPORT,ALTIPORT DE COURCHEVEL,-,FRANCE,ALTIPORT,PUBLIC,-,L
LFLK,-,-,OYONNAX,OYONNAX - ARBENT AERODROME,-,-,FRANCE,,,-,L
LFLL,LYS,-,COLOMBIER-SAUGNIEU,LYON–SAINT-EXUPÉRY AIRPORT,-,-,FRANCE,,,-,L
LFLM,QNX,-,MÂCON,MÂCON - CHARNAY AIRPORT,-,-,FRANCE,,,-,L
LFLN,SYT,-,SAINT-YAN,SAINT-YAN AIRPORT,-,-,FRANCE,,,-,L
LFLO,RNE,-,ROANNE,ROANNE RENAISON AIRPORT,-,-,FRANCE,,,-,L
LFLP,NCY,-,ANNECY,ANNECY – HAUTE-SAVOIE – MONT BLANC AIRPORT,-,-,FRANCE,,,-,L
LFLQ,XMK,-,MONTÉLIMAR,MONTÉLIMAR - ANCÔNE AIRPORT,-,-,FRANCE,,,-,L
LFLR,-,-,SAINT-RAMBERT-D'ALBON,SAINT-RAMBERT-D'ALBON AIRPORT,-,-,FRANCE,,,-,L
LFLS,GNB,-,SAINT-ÉTIENNE-DE-SAINT-GEOIRS,ALPES–ISÈRE AIRPORT,-,-,FRANCE,,,-,L
LFLT,-,-,MONTLUÇON,MONTLUÇON - DOMÉRAT AERODROME,-,-,FRANCE,,,-,L
LFLU,VAF,-,VALENCE,VALENCE-CHABEUIL AIRPORT,-,-,FRANCE,,,-,L
LFLV,VHY,-,CHARMEIL,VICHY — CHARMEIL AIRPORT,-,-,FRANCE,,,-,L
LFLW,AUR,-,AURILLAC,AURILLAC – TRONQUIÈRES AIRPORT,-,-,FRANCE,,,-,L
LFLX,CHR,-,DÉOLS,"CHÂTEAUROUX-CENTRE ""MARCEL DASSAULT"" AIRPORT",-,-,FRANCE,,,-,L
LFLY,LYN,-,BRON,LYON–BRON AIRPORT,-,-,FRANCE,,,-,L
LFLZ,-,-,FEURS,FEURS - CHAMBÉON AIRPORT,-,-,FRANCE,,,-,L
LFMA,QXB,-,LES MILLES,AIX-EN-PROVENCE AERODROME,-,-,FRANCE,,,-,L
LFMC,-,-,LE CANNET-DE-MAURES,LE LUC – LE CANNET AIRPORT,-,-,FRANCE,,,-,L
LFMD,CEQ,-,CANNES,CANNES – MANDELIEU AIRPORT,-,-,FRANCE,,,-,L
LFME,-,-,NÎMES,NÎMES - COURBESSAC AIRPORT,-,-,FRANCE,,,-,L
LFMF,-,-,FAYENCE,FAYENCE-TOURRETTES AIRFIELD,-,-,FRANCE,,,-,L
LFMG,-,-,MONTAGNE NOIRE,MONTAGNE NOIRE AERODROME,-,-,FRANCE,,,-,L
LFMH,EBU,-,ANDRÉZIEUX-BOUTHÉON,SAINT-ÉTIENNE–BOUTHÉON AIRPORT,-,-,FRANCE,,,-,L
LFMI,IFR,-,ISTRES,ISTRES-LE TUBÉ AIR BASE,-,-,FRANCE,,,-,L
LFMK,CCF,-,CARCASSONNE,CARCASSONNE AIRPORT,-,-,FRANCE,,,-,L
LFML,MRS,-,MARIGNANE,MARSEILLE PROVENCE AIRPORT,-,-,FRANCE,,,-,L
LFMN,NCE,-,NICE,NICE CÔTE D'AZUR AIRPORT,-,-,FRANCE,,,-,L
LFMO,XOG,-,VAUCLUSE,ORANGE-CARITAT AIR BASE,-,-,FRANCE,,,-,L
LFMP,PGF,-,PERPIGNAN,PERPIGNAN–RIVESALTES AIRPORT,-,-,FRANCE,,,-,L
LFMQ,CTT,-,LE CASTELLET,LE CASTELLET AIRPORT,-,-,FRANCE,,,-,L
LFMR,BAE,-,SAINT-PONS,BARCELONNETTE – SAINT-PONS AIRFIELD,-,-,FRANCE,,,-,L
LFMS,-,-,ALÈS,ALÈS - DEAUX AIRPORT,-,-,FRANCE,,,-,L
LFMT,MPL,-,MAUGUIO,MONTPELLIER–MÉDITERRANÉE AIRPORT,-,-,FRANCE,,,-,L
LFMU,BZR,-,VIAS,BÉZIERS CAP D'AGDE AIRPORT,-,-,FRANCE,,,-,L
LFMV,AVN,-,AVIGNON,AVIGNON – PROVENCE AIRPORT,-,-,FRANCE,,,-,L
LFMW,-,-,VILLENEUVE-LA-COMPTAL,CASTELNAUDARY – VILLENEUVE AIRPORT,-,-,FRANCE,,,-,L
LFMX,-,-,CHÂTEAU-ARNOUX-SAINT-AUBAN,CHÂTEAU-ARNOUX-SAINT-AUBAN AIRPORT,-,-,FRANCE,,,-,L
LFMY,-,-,SALON-DE-PROVENCE,SALON-DE-PROVENCE AIR BASE,-,-,FRANCE,,,-,L
LFMZ,-,-,LÉZIGNAN-CORBIÈRES,LÉZIGNAN-CORBIÈRES AIRPORT,-,-,FRANCE,,,-,L
LFNA,GAT,-,TALLARD,GAP–TALLARD AIRPORT,-,-,FRANCE,,,-,L
LFNB,MEN,-,MENDE,MENDE - BRENOUX AIRPORT,-,-,FRANCE,,,-,L
LFNC,SCP,-,MONT-DAUPHIN,MONT-DAUPHIN - SAINT-CRÉPIN AIRPORT,-,-,FRANCE,,,-,L
LFND,-,-,PONT-SAINT-ESPRIT,PONT-SAINT-ESPRIT AIRPORT,-,-,FRANCE,,,-,L
LFNE,-,-,EYGUIÈRES,SALON - EYGUIÈRES AIRPORT,-,-,FRANCE,,,-,L
LFNF,-,-,VINON-SUR-VERDON,VINON AIRPORT,-,-,FRANCE,,,-,L
LFNG,-,-,MONTPELLIER,MONTPELLIER - CANDILLARGUES AIRPORT,-,-,FRANCE,,,-,L
LFNH,-,-,CARPENTRAS,CARPENTRAS AIRPORT,-,-,FRANCE,,,-,L
LFNJ,-,-,ASPRES-SUR-BUËCH,ASPRES-SUR-BUËCH AERODROME,-,-,FRANCE,,,-,L
LFNL,-,-,SAINT-MARTIN-DE-LONDRES,SAINT-MARTIN-DE-LONDRES AERODROME,-,-,FRANCE,,,-,L
LFNO,-,-,FLORAC,FLORAC - SAINTE-ENIMIE AERODROME,-,-,FRANCE,,,-,L
LFNP,-,-,PÉZENAS,PÉZENAS - NIZAS AERODROME,-,-,FRANCE,,,-,L
LFNQ,QZE,-,MONT-LOUIS,MONT-LOUIS - LA QUILLANE AERODROME,-,-,FRANCE,,,-,L
LFNR,-,-,BERRE-L'ÉTANG,BERRE - LA FARE AERODROME,-,-,FRANCE,,,-,L
LFNS,-,-,SISTERON,SISTERON - THÈZE AERODROME,-,-,FRANCE,,,-,L
LFNT,-,-,PUJAUT,AVIGNON - PUJAUT AERODROME,-,-,FRANCE,,,-,L
LFNU,-,-,UZÈS,UZÈS AERODROME,-,-,FRANCE,,,-,L
LFNV,-,-,VALRÉAS,VALRÉAS - VISAN AIRPORT,-,-,FRANCE,,,-,L
LFNW,-,-,PUIVERT,PUIVERT AERODROME,-,-,FRANCE,,,-,L
LFNX,-,-,BÉDARIEUX,BÉDARIEUX - LA TOUR-SUR-ORB AERODROME,-,-,FRANCE,,,-,L
LFNZ,-,-,LE MAZET-DE-ROMANIN,LE MAZET-DE-ROMANIN AERODROME,-,-,FRANCE,,,-,L
LFOA,-,-,AVORD,AVORD AIR BASE ,-,-,FRANCE,,,-,L
LFOB,BVA,-,BEAUVAIS,BEAUVAIS–TILLÉ AIRPORT,-,-,FRANCE,,,-,L
LFOC,-,-,CHÂTEAUDUN,CHÂTEAUDUN AIRPORT,-,-,FRANCE,,,-,L
LFOD,XSU,-,SAUMUR,SAUMUR - SAINT-HILAIRE - SAINT-FLORENT AERODROME,-,-,FRANCE,,,-,L
LFOE,EVX,-,ÉVREUX,ÉVREUX-FAUVILLE AIR BASE,-,-,FRANCE,,,-,L
LFOF,XAN,-,ALENÇON,ALENÇON - VALFRAMBERT AERODROME,-,-,FRANCE,,,-,L
LFOG,-,-,FLERS,FLERS - SAINT-PAUL AERODROME,-,-,FRANCE,,,-,L
LFOH,LEH,-,OCTEVILLE-SUR-MER,LE HAVRE – OCTEVILLE AIRPORT,-,-,FRANCE,,,-,L
LFOI,XAB,-,ABBEVILLE,AERODROME ABBEVILLE,-,-,FRANCE,,,-,L
LFOJ,-,-,ORLÉANS,ORLÉANS – BRICY AIR BASE,-,-,FRANCE,,,-,L
LFOK,XCR,-,VATRY,CHÂLONS VATRY AIRPORT,-,-,FRANCE,,,-,L
LFOL,-,-,L'AIGLE,L'AIGLE - SAINT-MICHEL AIRPORT,-,-,FRANCE,,,-,L
LFOM,-,-,LESSAY,LESSAY AIRPORT,-,-,FRANCE,,,-,L
LFON,-,-,VERNOUILLET,VERNOUILLET AIRPORT,-,-,FRANCE,,,-,L
LFOO,LSO,-,LES SABLES-D'OLONNE,LES SABLES-D'OLONNE - TALMONT AIRPORT,-,-,FRANCE,,,-,L
LFOP,URO,-,BOOS,ROUEN AIRPORT,-,-,FRANCE,,,-,L
LFOQ,XBQ,-,BLOIS,BLOIS - LE BREUIL AIRPORT,-,-,FRANCE,,,-,L
LFOR,QTJ,-,CHARTRES,CHARTRES – CHAMPHOL AERODROME,-,-,FRANCE,,,-,L
LFOS,-,-,SAINT-VALERY-EN-CAUX,SAINT-VALERY - VITTEFLEUR AIRPORT,-,-,FRANCE,,,-,L
LFOT,TUF,-,TOURS,TOURS VAL DE LOIRE AIRPORT,-,-,FRANCE,,,-,L
LFOU,CET,-,CHOLET,CHOLET - LE PONTREAU AERODROME,-,-,FRANCE,,,-,L
LFOV,LVA,-,LAVAL,LAVAL - ENTRAMMES AIRPORT,-,-,FRANCE,,,-,L
LFOW,-,-,SAINT-QUENTIN,SAINT-QUENTIN - ROUPY AIRPORT,-,-,FRANCE,,,-,L
LFOX,-,-,ÉTAMPES,ÉTAMPES - MONDÉSIR AERODROME,-,-,FRANCE,,,-,L
LFOY,-,-,LE HAVRE,LE HAVRE - SAINT-ROMAIN AIRPORT,-,-,FRANCE,,,-,L
LFOZ,ORE,-,JARGEAU,ORLÉANS – SAINT-DENIS-DE-L'HÔTEL AIRPORT,-,-,FRANCE,,,-,L
LFPA,XYP,-,BEAUMONT-SUR-OISE,PERSAN-BEAUMONT AIRPORT,-,-,FRANCE,,,-,L
LFPB,LBG,-,LE BOURGET,PARIS–LE BOURGET AIRPORT,-,-,FRANCE,,,-,L
LFPC,CSF,-,CREIL,CREIL AIR BASE,-,-,FRANCE,,,-,L
LFPD,XBX,-,BERNAY,BERNAY–ST MARTIN AIRPORT,-,-,FRANCE,,,-,L
LFPE,XYB,-,MEAUX,MEAUX - ESBLY AERODROME,-,-,FRANCE,,,-,L
LFPF,-,-,BEYNES,BEYNES - THIVERVAL AERODROME,-,-,FRANCE,,,-,L
LFPG,CDG,-,ROISSY-EN-FRANCE,CHARLES DE GAULLE AIRPORT,-,-,FRANCE,,,-,L
LFPH,XXY,-,CHELLES,CHELLES - LE PIN AERODROME,-,-,FRANCE,,,-,L
LFPI,JDP,-,ISSY-LES-MOULINEAUX,PARIS - ISSY-LES-MOULINEAUX HELIPORT,-,-,FRANCE,HELIPORT,,-,L
LFPL,XLG,-,LOGNES,LOGNES – ÉMERAINVILLE AERODROME,-,-,FRANCE,,,-,L
LFPM,-,-,MELUN,MELUN VILLAROCHE AERODROME,-,-,FRANCE,,,-,L
LFPN,TNF,-,TOUSSUS-LE-NOBLE,TOUSSUS-LE-NOBLE AIRPORT,-,-,FRANCE,,,-,L
LFPO,ORY,-,ESSONNE,PARIS ORLY AIRPORT,-,-,FRANCE,,,-,L
LFPP,-,-,LE PLESSIS-BELLEVILLE,PLESSIS-BELLEVILLE AIRPORT,-,-,FRANCE,,,-,L
LFPQ,-,-,FONTENAY-TRÉSIGNY,FONTENAY-TRÉSIGNY AIRPORT,-,-,FRANCE,,,-,L
LFPT,POX,-,PONTOISE,PONTOISE – CORMEILLES AERODROME,-,-,FRANCE,,,-,L
LFPU,-,-,MORET-SUR-LOING,MORET - EPISY AERODROME,-,-,FRANCE,,,-,L
LFPV,VIY,-,VÉLIZY-VILLACOUBLAY,VÉLIZY – VILLACOUBLAY AIR BASE,-,-,FRANCE,,,-,L
LFPX,XZX,-,CHAVENAY,CHAVENAY - VILLEPREUX AERODROME,-,-,FRANCE,,,-,L
LFPY,-,-,BRÉTIGNY-SUR-ORGE,BRÉTIGNY-SUR-ORGE AIR BASE,-,-,FRANCE,,,-,L
LFPZ,XZB,-,SAINT-CYR-L'ÉCOLE,SAINT-CYR-L'ÉCOLE AERODROME,-,-,FRANCE,,,-,L
LFQA,-,-,PRUNAY,REIMS – PRUNAY AERODROME,-,-,FRANCE,,,-,L
LFQB,QYR,-,TROYES,TROYES – BARBEREY AIRPORT,-,-,FRANCE,,,-,L
LFQC,-,-,LUNÉVILLE,LUNÉVILLE-CROISMARE AIRPORT,-,-,FRANCE,,,-,L
LFQD,-,-,ARRAS,ARRAS – ROCLINCOURT AIRPORT,-,-,FRANCE,,,-,L
LFQE,-,-,ÉTAIN,ÉTAIN - ROUVRES AIR BASE,-,-,FRANCE,,,-,L
LFQF,XXG,-,AUTUN,AUTUN - BELLEVUE AERODROME,-,-,FRANCE,,,-,L
LFQG,NVS,-,NEVERS,NEVERS - FOURCHAMBAULT AIRPORT,-,-,FRANCE,,,-,L
LFQH,-,-,CHÂTILLON-SUR-SEINE,CHÂTILLON-SUR-SEINE AIRPORT,-,-,FRANCE,,,-,L
LFQI,XCB,-,ÉPINOY,CAMBRAI - ÉPINOY AIR BASE,-,-,FRANCE,,,-,L
LFQJ,XME,-,MAUBEUGE,MAUBEUGE AERODROME,-,-,FRANCE,,,-,L
LFQK,-,-,CHÂLONS-EN-CHAMPAGNE,CHÂLONS - ÉCURY-SUR-COOLE AIRPORT,-,-,FRANCE,,,-,L
LFQL,XLE,-,LENS,LENS - BÉNIFONTAINE AIRPORT,-,-,FRANCE,,,-,L
LFQM,QBQ,-,LA VÈZE,BESANÇON – LA VÈZE AERODROME,-,-,FRANCE,,,-,L
LFQN,XSG,-,SAINT-OMER,SAINT-OMER - WIZERNES AIRPORT,-,-,FRANCE,,,-,L
LFQO,-,-,LILLE,LILLE - MARCQ-EN-BAROEUL AIRPORT,-,-,FRANCE,,,-,L
LFQP,-,-,PHALSBOURG,QUARTIER LA HORIE,-,-,FRANCE,,,-,L
LFQQ,LIL,-,LESQUIN,LILLE AIRPORT,-,-,FRANCE,,,-,L
LFQR,-,-,ROMILLY-SUR-SEINE,ROMILLY-SUR-SEINE AIRPORT,-,-,FRANCE,,,-,L
LFQS,-,-,VITRY-EN-ARTOIS,VITRY-EN-ARTOIS AIRPORT,-,-,FRANCE,,,-,L
LFQT,HZB,-,MERVILLE,MERVILLE–CALONNE AIRPORT,-,-,FRANCE,,,-,L
LFQU,-,-,SARRE-UNION,SARRE-UNION AERODROME,-,-,FRANCE,,,-,L
LFQV,-,-,CHARLEVILLE-MÉZIÈRES,CHARLEVILLE-MÉZIÈRES AERODROME,-,-,FRANCE,,,-,L
LFQW,XVO,-,VESOUL / FROTEY,VESOUL - FROTEY AIRPORT,-,-,FRANCE,,,-,L
LFQX,-,-,JUVANCOURT,JUVANCOURT AERODROME,-,-,FRANCE,,,-,L
LFQY,-,-,SAVERNE,SAVERNE - STEINBOURG AERODROME,-,-,FRANCE,,,-,L
LFQZ,-,-,DIEUZE,DIEUZE - GUEBLANGE AERODROME,-,-,FRANCE,,,-,L
LFRA,-,-,ANGERS,ANGERS – AVRILLÉ AIRPORT,-,-,FRANCE,,,-,L
LFRB,BES,-,BREST,BREST BRETAGNE AIRPORT,-,-,FRANCE,,,-,L
LFRC,CER,-,CHERBOURG-EN-COTENTIN,CHERBOURG – MAUPERTUS AIRPORT,-,-,FRANCE,,,-,L
LFRD,DNR,-,DINARD,DINARD–PLEURTUIT–SAINT-MALO AIRPORT,-,-,FRANCE,,,-,L
LFRE,LBY,-,LA BAULE-ESCOUBLAC,LA BAULE - PORNICHET - LE POULIGUEN AIRPORT,-,-,FRANCE,,,-,L
LFRF,GFR,-,GRANVILLE,GRANVILLE - MONT SAINT-MICHEL AERODROME,-,-,FRANCE,,,-,L
LFRG,DOL,-,DEAUVILLE,DEAUVILLE – NORMANDIE AIRPORT,-,-,FRANCE,,,-,L
LFRH,LRT,-,LORIENT,LORIENT SOUTH BRITTANY AIRPORT,-,-,FRANCE,,,-,L
LFRI,EDM,-,LA ROCHE-SUR-YON,LA ROCHE-SUR-YON AERODROME,-,-,FRANCE,,,-,L
LFRJ,LDV,-,LANDIVISIAU,LANDIVISIAU AIR BASE,-,-,FRANCE,,,-,L
LFRK,CFR,-,CAEN,CAEN – CARPIQUET AIRPORT,-,-,FRANCE,,,-,L
LFRL,-,-,LANVÉOC,LANVÉOC - POULMIC AIR BASE,-,-,FRANCE,,,-,L
LFRM,LME,-,LE MANS,LE MANS - ARNAGE AERODROME,-,-,FRANCE,,,-,L
LFRN,RNS,-,RENNES,RENNES–SAINT-JACQUES AIRPORT,-,-,FRANCE,,,-,L
LFRO,LAI,-,LANNION,LANNION – CÔTE DE GRANIT AIRPORT,-,-,FRANCE,,,-,L
LFRP,-,-,PLOËRMEL,PLOËRMEL - LOYAT AIRPORT,-,-,FRANCE,,,-,L
LFRQ,UIP,-,PLUGUFFAN,QUIMPER–CORNOUAILLE AIRPORT,-,-,FRANCE,,,-,L
LFRS,NTE,-,BOUGUENAIS,NANTES ATLANTIQUE AIRPORT,-,-,FRANCE,,,-,L
LFRT,SBK,-,SAINT-BRIEUC,SAINT-BRIEUC – ARMOR AIRPORT,-,-,FRANCE,,,-,L
LFRU,MXN,-,MORLAIX,MORLAIX – PLOUJEAN AIRPORT,-,-,FRANCE,,,-,L
LFRV,VNE,-,VANNES,MEUCON AIRPORT,-,-,FRANCE,,,-,L
LFRW,-,-,AVRANCHES,AVRANCHES - LE VAL-SAINT-PÈRE AERODROME,-,-,FRANCE,,,-,L
LFRZ,SNR,-,SAINT-NAZAIRE,SAINT-NAZAIRE MONTOIR AIRPORT,-,-,FRANCE,,,-,L
LFSA,-,-,BESANÇON,BESANÇON - THISE AIRPORT,-,-,FRANCE,,,-,L
LFSB,MLH,-,SAINT-LOUIS,EUROAIRPORT BASEL MULHOUSE FREIBURG,-,-,FRANCE,,,-,L
LFSC,-,-,MEYENHEIM,QUARTIER COLONEL DIO,-,-,FRANCE,,,-,L
LFSD,DIJ,-,LONGVIC,DIJON–BOURGOGNE AIRPORT,-,-,FRANCE,,,-,L
LFSE,-,-,ÉPINAL,ÉPINAL - DOGNEVILLE AIRPORT,-,-,FRANCE,,,-,L
LFSF,MZM,-,METZ,METZ-FRESCATY AIR BASE,-,-,FRANCE,,,-,L
LFSG,EPL,-,JUVAINCOURT,ÉPINAL – MIRECOURT AIRPORT,-,-,FRANCE,,,-,L
LFSH,-,-,HAGUENAU,HAGUENAU AIRPORT,-,-,FRANCE,,,-,L
LFSI,-,-,SAINT-DIZIER,SAINT-DIZIER – ROBINSON AIR BASE,-,-,FRANCE,,,-,L
LFSJ,XSW,-,SEDAN,SEDAN - DOUZY AIRPORT,-,-,FRANCE,,,-,L
LFSK,-,-,VITRY-LE-FRANÇOIS,VITRY-LE-FRANÇOIS - VAUCLERC AIRPORT,-,-,FRANCE,,,-,L
LFSL,BVE,-,BRIVE-LA-GAILLARDE,BRIVE–SOUILLAC AIRPORT,-,-,FRANCE,,,-,L
LFSM,XMF,-,MONTBÉLIARD,MONTBÉLIARD – COURCELLES AERODROME,-,-,FRANCE,,,-,L
LFSN,ENC,-,ESSEY,NANCY-ESSEY AIRPORT,-,-,FRANCE,,,-,L
LFSO,-,-,OCHEY,NANCY – OCHEY AIR BASE,-,-,FRANCE,,,-,L
LFSP,-,-,PONTARLIER,PONTARLIER AIRPORT,-,-,FRANCE,,,-,L
LFSQ,BOR,-,BELFORT / FONTAINE,BELFORT - FONTAINE AERODROME,-,-,FRANCE,,,-,L
LFSR,RHE,-,REIMS,REIMS - CHAMPAGNE AERODROME,-,-,FRANCE,,,-,L
LFST,SXB,-,ENTZHEIM,STRASBOURG AIRPORT,-,-,FRANCE,,,-,L
LFSU,-,-,LANGRES,LANGRES - ROLAMPONT AIRPORT,-,-,FRANCE,,,-,L
LFSV,-,-,PONT-SAINT-VINCENT,PONT-SAINT-VINCENT AERODROME,-,-,FRANCE,,,-,L
LFSW,XEP,-,ÉPERNAY,ÉPERNAY - PLIVOT AIRPORT,-,-,FRANCE,,,-,L
LFSX,-,-,LUXEUIL-LES-BAINS,LUXEUIL - SAINT-SAUVEUR AIR BASE,-,-,FRANCE,,,-,L
LFSY,-,-,CESSEY,CESSEY AIRPORT,-,-,FRANCE,,,-,L
LFSZ,VTL,-,VITTEL,VITTEL - CHAMP-DE-COURSES AIRPORT,-,-,FRANCE,,,-,L
LFTF,-,-,CUERS,CUERS - PIERREFEU AIRPORT,-,-,FRANCE,,,-,L
LFTH,TLN,-,HYÈRES,TOULON–HYÈRES AIRPORT,-,-,FRANCE,,,-,L
LFTM,-,-,SERRES / LA BÂTIE-MONTSALÉON,SERRES - LA BÂTIE-MONTSALÉON AERODROME,-,-,FRANCE,,,-,L
LFTN,-,-,LA GRAND-COMBE,LA GRAND-COMBE AERODROME,-,-,FRANCE,,,-,L
LFTP,-,-,PUIMOISSON,PUIMOISSON AERODROME,-,-,FRANCE,,,-,L
LFTQ,-,-,CHÂTEAUBRIANT,CHÂTEAUBRIANT - POUANCÉ AERODROME,-,-,FRANCE,,,-,L
LFTT,JSZ,-,SAINT-TROPEZ,SAINT-TROPEZ - LE PILON HELIPORT,-,-,FRANCE,HELIPORT,,-,L
LFTW,FNI,-,SAN-GILLES,NÎMES–ALÈS–CAMARGUE–CÉVENNES AIRPORT,-,-,FRANCE,,,-,L
LFTZ,LTT,-,LA MÔLE,LA MÔLE – SAINT-TROPEZ AIRPORT,-,-,FRANCE,,,-,L
LFXA,-,-,AMBÉRIEU-EN-BUGEY,AMBÉRIEU-EN-BUGEY AIR BASE,-,-,FRANCE,,,-,L
LFXB,XST,-,SAINTES,SAINTES - THÉNAC AIRPORT,-,-,FRANCE,,,-,L
LFXC,-,-,AUZAINVILLIERS,VITTEL - AUZAINVILLIERS AIRPORT,-,-,FRANCE,,,-,L
LFXH,-,-,VALDAHON,VALDAHON AIR BASE,-,-,FRANCE,,,-,L
LFXI,-,-,SAINT-CHRISTOL,SAINT-CHRISTOL AIRPORT,-,-,FRANCE,,,-,L
LFXM,-,-,MOURMELON-LE-GRAND,MOURMELON AERODROME,-,-,FRANCE,,,-,L
LFXQ,-,-,COËTQUIDAN,COËTQUIDAN AIR BASE,-,-,FRANCE,,,-,L
LFXU,-,-,LES MUREAUX,LES MUREAUX AIRPORT,-,-,FRANCE,,,-,L
LFYD,-,-,DAMBLAIN,DAMBLAIN AIRPORT,-,-,FRANCE,,,-,L
LFYG,-,-,CAMBRAI,CAMBRAI-NIERGNIES AIRPORT,-,-,FRANCE,,,-,L
LFYH,-,-,BROYE-AUBIGNEY-MONTSEUGNY,BROYES-LÈS-PESMES AIRPORT,-,-,FRANCE,,,-,L
LFYK,-,-,MONTMÉDY,MONTMÉDY - MARVILLE AIRPORT,-,-,FRANCE,,,-,L
LFYL,-,-,LURE,LURE - MALBOUHANS AIRPORT,-,-,FRANCE,,,-,L
LFYM,-,-,MARIGNY,MARIGNY - LE GRAND AIRPORT,-,-,FRANCE,,,-,L
LFYR,-,-,ROMORANTIN-LANTHENAY,ROMORANTIN - PRUNIERS AIRPORT,-,-,FRANCE,,,-,L
LFYS,-,-,SAINTE-LÉOCADIE,SAINTE-LÉOCADIE AERODROME,-,-,FRANCE,,,-,L
LFYT,-,-,CLASTRES,SAINT-SIMON – CLASTRES AIR BASE,-,-,FRANCE,,,-,L
LGAC,-,-,ATHINAI,,,,GREECE,,,,L
LGAD,PYR,-,ANDRAVIDA,ANDRAVIDA AIR BASE,-,-,GREECE,,MILITARY,-,L
LGAG,AGQ,-,AGRINION,AGRINIO AIRPORT,-,-,GREECE,,MILITARY,-,L
LGAL,AXD,-,ALEXANDROUPOLIS,"ALEXANDROUPOLI AIRPORT ""DIMOKRITOS""",-,-,GREECE,,,-,L
LGAM,-,-,PIRAEUS,AMPHIALI,,,GREECE,,,,L
LGAT,-,-,ATHINAI,ELLINIKON INTERNATIONAL AIRPORT,HELLENIKON INTERNATIONAL AIRPORT,HELLENIKON AIR BASE,GREECE,,,CLOSED 2001,L
LGAV,ATH,-,ATHINAI,"ATHENS INTERNATIONAL AIRPORT ""ELEFTHERIOS VENIZELOS""",-,-,GREECE,,PUBLIC,-,L
LGAX,-,-,ALEXANDRIA,ALEXANDREIA AIRPORT,-,-,GREECE,,MILITARY,-,L
LGBL,VOL,-,ALMIROS,NEA ANCHIALOS NATIONAL AIRPORT,CENTRAL GREECE AIRPORT,-,GREECE,,PUBLIC,-,L
LGEL,-,-,ELEFSIS,ELEFSINA AIR BASE,-,-,GREECE,,MILITARY,-,L
LGGG,-,-,-,ATHENS ACC,-,-,GREECE,AIR TRAFFIC CONTROL,DUAL,-,L
LGHI,JKH,-,CHIOS,"CHIOS ISLAND NATIONAL AIRPORT ""OMIROS""",CHIOS AIRPORT,-,GREECE,,PUBLIC,-,L
LGIK,JIK,-,IKARIA,"IKARIA ISLAND NATIONAL AIRPORT ""IKAROS""",-,-,GREECE,,PUBLIC,-,L
LGIO,IOA,-,IONNINA,"IOANNINA NATIONAL AIRPORT ""KING PYRROS""",-,-,GREECE,,PUBLIC,-,L
LGIR,HER,-,IRAKLION,"HERAKLION INTERNATIONAL AIRPORT ""NIKOS KANZANTZAKIS""",-,-,GREECE,,DUAL,-,L
LGKA,KSO,-,KASTORIA,"KASTORIA NATIONAL AIRPORT ""ARISTOTELIS""",ARISTOTELIS AIRPORT,-,GREECE,,PUBLIC,-,L
LGKC,KIT,-,KITHRA,"KITHIRA ISLAND NATIONAL AIRPORT ""ALEXANDROS ARISTOTELOUS ONASSIS""",-,-,GREECE,,PUBLIC,-,L
LGKF,EFL,-,KEFALLINIA,"KEFALONIA AIRPORT ""ANNA POLLATOU""",KEFALONIA INTERNATIONANL AIRPORT,-,GREECE,,PUBLIC,-,L
LGKJ,KZS,-,KASTELORIZO,KASTELLORIZO ISLAND PUBLIC AIRPORT,KASTELLORIZO AIRPORT,-,GREECE,,PUBLIC,-,L
LGKL,KLX,-,KALAMATA,,,,GREECE,,,,L
LGKM,-,-,KAVALA,AMIGDALEON,,,GREECE,,,,L
LGKN,-,-,MARATHON,KOTRONI,,,GREECE,,,,L
LGKO,KGS,-,KOS,IPPOKRATIS,,,GREECE,,,,L
LGKP,AOK,-,KARPATHOS,,,,GREECE,,,,L
LGKR,CFU,-,KERKIRA,IONANNIS KAPODISTRIAS,,,GREECE,,,,L
LGKS,KSJ,-,KASSOS,,,,GREECE,,,,L
LGKV,KVA,-,KAVALA,MEGAS ALEXANDROS,,,GREECE,,,,L
LGKY,JKL,-,KALYMNOS,,,,GREECE,,,,L
LGKZ,KZI,-,KOZAN,FILIPPOS,,,GREECE,,,,L
LGLE,LRS,-,LEROS,,,,GREECE,,,,L
LGLM,LXS,-,LIMNOS,IFAISTOS,,,GREECE,,,,L
LGLR,LRA,-,LARISSA,,,,GREECE,,,,L
LGMD,-,-,MAKEDONIA ACC,AIR TRAFFIC CONTROL,-,-,GREECE,AIR TRAFFIC CONTROL,DUAL,-,L
LGMG,-,-,MEGARA,,,,GREECE,,,,L
LGMK,JMK,-,MIKONOS,,,,GREECE,,,,L
LGML,MLO,-,MILOS,,,,GREECE,,,,L
LGMT,MJT,-,MITILINI,ODYSSEAS ELYTIS,,,GREECE,,,,L
LGNX,JNX,-,NAXOS,,,,GREECE,,,,L
LGPA,PAS,-,PAROS,,,,GREECE,,,,L
LGPL,JTY,-,ASTYPALAIA,ASTYPALAIA ISLAND NATIONAL AIRPORT,PANAGHIA AIRPORT,-,GREECE,,PUBLIC,-,L
LGPZ,PVK,-,PREVEZA,AKTION,,,GREECE,,,,L
LGRD,-,-,RODOS,MARITSA,,,GREECE,,,,L
LGRP,RHO,-,RODOS,DIAGORAS,,,GREECE,,,,L
LGRX,GPA,-,ARAXOS,PATRAS ARAXOS AIRPORT,AGAMEMNON AIRPORT,,GREECE,,DUAL,-,L
LGSA,CHQ,-,CHANIA,IOANNIS DASKALOGIANNIS,,,GREECE,,,,L
LGSD,-,-,SEDES,,,,GREECE,,,,L
LGSK,JSI,-,SKIATHOS,ALEXANDROS PAPADIAMANDIS,,,GREECE,,,,L
LGSM,SMI,-,SAMOS,ARISTARCHOS OF SAMOS,,,GREECE,,,,L
LGSO,JSY,-,SYROS,DIMITRIOS VIKELAS,,,GREECE,,,,L
LGSR,JTR,-,SANTORINI,,,,GREECE,,,,L
LGST,JSH,-,SITIA,VITSENTZOS KORNAROS,,,GREECE,,,,L
LGSV,-,-,STEFANOVIKION,,,,GREECE,,,,L
LGSY,SKU,-,SKIROS,,,,GREECE,,,,L
LGTG,-,-,TANAGRA,,,,GREECE,,,,L
LGTL,-,-,KASTELI,,,,GREECE,,,,L
LGTP,-,-,TRIPOLIS,,,,GREECE,,,,L
LGTS,SKG,-,THESSALONIKI,"THESSALONIKI AIRPORT ""MAKEDONIA""",THESSALONIKI AIRPORT,BIG MIKRA,GREECE,LAND AIRPORT,DUAL,-,L
LGTT,-,-,DEKELIA,TATOI,,,GREECE,,,,L
LGZA,ZTH,-,ZAKINTHOS,DIONISIOS SOLOMOS,,,GREECE,,,,L
LGZZ,-,-,,,,,GREECE,,,,L
LIEA,AHO,-,ALGHERO,ALGHERO - RIVIERA DEL CORALLO AIRPORT,ALGHERO-FERTILIA AIRPORT,-,ITALY,,,-,L
LIMG,ALL,-,ALBENGA,RIVIERA AIRPORT,-,ALBENGA AIRPORT,ITALY,,,-,L
LIPA,AVB,-,FRIULI-VENEZIA GIULIA REGION,AVIANO AIR BASE,BASE AEREA DI AVIANO,-,ITALY,,,-,L
LOAA,-,-,OTTENSCHLAG,OTTENSCHLAG AIRPORT,-,-,AUSTRIA,,,-,L
LOAB,-,-,DOBERSBERG,DOBERSBERG AIRPORT,-,-,AUSTRIA,,,-,L
LOAD,-,-,VÖLTENDORF,VÖLTENDORF AIRPORT,-,-,AUSTRIA,,,-,L
LOAG,-,-,KREMS AN DER DONAU,KREMS-LANGENLOIS AIRPORT,-,-,AUSTRIA,,,-,L
LOAL,-,-,LEOPOLDSDORF IM MARCHFELDE,LEOPOLDSDORF IM MARCHFELDE AIRPORT,-,-,AUSTRIA,,,-,L
LOAN,-,-,WIENER NEUSTADT,WIENER NEUSTADT EAST AIRPORT,-,-,AUSTRIA,,,-,L
LOAR,-,-,RETZ,RETZER LAND HELIPORT,-,-,AUSTRIA,HELIPORT,,-,L
LOAS,-,-,SPITZERBERG,SPITZERBERG AIRPORT,-,-,AUSTRIA,,,-,L
LOAT,-,-,TRAUSDORF AN DER WULKA,TRAUSDORF AIRPORT,-,-,AUSTRIA,,,-,L
LOAU,-,-,STOCKERAU,STOCKERAU AIRPORT,-,-,AUSTRIA,,,-,L
LOAV,-,-,BAD VÖSLAU,VÖSLAU AIRFIELD,-,-,AUSTRIA,,,-,L
LOGF,-,-,FÜRSTENFELD,FÜRSTENFELD AIRPORT,-,-,AUSTRIA,,,-,L
LOGG,-,-,PUNITZ,PUNITZ-GÜSSING AIRPORT,-,-,AUSTRIA,,,-,L
LOGK,-,-,KAPFENBERG,KAPFENBERG AIRPORT,-,-,AUSTRIA,,,-,L
LOGL,-,-,TURNAU,LANZEN-TURNAU AIRPORT,-,-,AUSTRIA,,,-,L
LOGM,-,-,MARIAZELL,MARIAZELL AIRPORT,-,-,AUSTRIA,,,-,L
LOGO,-,-,NIEDERÖBLARN,NIEDERÖBLARN AIRPORT,-,-,AUSTRIA,,,-,L
LOGP,-,-,PINKAFELD,PINKAFELD AIRPORT,-,-,AUSTRIA,,,-,L
LOGT,-,-,TIMMERSDORF,LEOBEN/TIMMERSDORF AIRFIELD,-,-,AUSTRIA,,,-,L
LOGW,-,-,WEIZ,WEIZ-UNTERFLADNITZ AIRPORT,-,-,AUSTRIA,,,-,L
LOIH,HOH,-,DORNBIRN,HOHENEMS-DORNBIRN AIRPORT,-,-,AUSTRIA,,,-,L
LOIJ,-,-,TIROL,SANKT JOHANN AIRPORT,-,-,AUSTRIA,,,-,L
LOIK,-,-,KUFSTEIN,KUFSTEIN-LANGKAMPFEN AIRPORT,-,-,AUSTRIA,,,-,L
LOIR,-,-,REUTTE,REUTTE-HÖFEN AIRPORT,-,-,AUSTRIA,,,-,L
LOIT,-,-,SANKT JOHANN IN TIROL,SANKT JOHANN IN TIROL HELIPORT,-,-,AUSTRIA,HELIPORT,,-,L
LOIY,-,-,SCHRUNS,HELIPORT SANATORIUM DR. SCHENK,-,-,AUSTRIA,HELIPORT,,-,L
LOKF,-,-,FELDKIRCHEN IN KÄRNTEN,FELDKIRCHEN-OSSIACHER SEE AIRPORT,-,-,AUSTRIA,,,-,L
LOKG,-,-,FERLACH,GLAINACH-FERLACH AIRPORT,-,-,AUSTRIA,,,-,L
LOKH,-,-,FRIESACH,FRIESACH-HIRTH AIRPORT,-,-,AUSTRIA,,,-,L
LOKL,-,-,LIENZ,LIENZ-NIKOLSDORF AIRPORT,-,-,AUSTRIA,,,-,L
LOKM,-,-,MAYERHOFEN,MAYERHOFEN AIRPORT,-,-,AUSTRIA,,,-,L
LOKN,-,-,NÖTSCH IM GAILTAL,NÖTSCH IM GAILTAL AIRPORT,-,-,AUSTRIA,,,-,L
LOKW,-,-,WOLFSBERG,WOLFSBERG AIRPORT,-,-,AUSTRIA,,,-,L
LOLC,-,-,SCHARNSTEIN,SCHARNSTEIN AIRPORT,-,-,AUSTRIA,,,-,L
LOLE,-,-,EFERDING,EFERDING AIRPORT,-,-,AUSTRIA,,,-,L
LOLF,-,-,FREISTADT,FREISTADT AIRPORT,-,-,AUSTRIA,,,-,L
LOLG,-,-,SANKT GEORGEN AM YBBSFELDE,SANKT GEORGEN AIRPORT,-,-,AUSTRIA,,,-,L
LOLH,-,-,HOFKIRCHEN IM TRAUNKREIS,HOFKIRCHEN AIRPORT,-,-,AUSTRIA,,,-,L
LOLK,-,-,RIED IM INNKREIS,RIED-KIRCHHEIM AIRPORT,-,-,AUSTRIA,,,-,L
LOLM,-,-,MICHELDORF,MICHELDORF AIRPORT,-,-,AUSTRIA,,,-,L
LOLO,-,-,LINZ,LINZ-EAST AIRPORT,-,-,AUSTRIA,,,-,L
LOLS,-,-,SCHÄRDING,SCHÄRDING-SUBEN AIRPORT,-,-,AUSTRIA,,,-,L
LOLT,-,-,SEITENSTETTEN,SEITENSTETTEN AIRPORT,-,-,AUSTRIA,,,-,L
LOLU,-,-,GMUNDEN,GMUNDEN LAARKIRCHEN AIRPORT,-,-,AUSTRIA,,,-,L
LOLW,-,-,WELS,WELS AIRPORT,-,-,AUSTRIA,,,-,L
LOSM,-,-,MAUTERNDORF,MAUTERNDORF AIRPORT,-,-,AUSTRIA,,,-,L
LOWG,GRZ,-,GRAZ,GRAZ AIRPORT,-,-,AUSTRIA,,,-,L
LOWI,INN,-,INNSBRUCK,INNSBRUCK AIRPORT,-,-,AUSTRIA,,,-,L
LOWK,KLU,-,KLAGENFURT,KLAGENFURT AIRPORT,FLUGHAFEN KLAGENFURT,-,AUSTRIA,LAND AIRPORT,PUBLIC,-,L
LOWL,LNZ,-,HÖRSCHING,LINZ AIRPORT,-,-,AUSTRIA,,,-,L
LOWS,SZG,-,SALZBURG,SALZBURG AIRPORT W. A. MOZART,SALZBURG AIRPORT,-,AUSTRIA,LAND AIRPORT,PUBLIC,-,L
LOWW,VIE,-,VIENNA (WIEN),VIENNA INTERNATIONAL AIRPORT (WIEN-SCHWECHAT AIRPORT),-,-,AUSTRIA,,,-,L
LOWZ,-,-,ZELL AM SEE,ZELL AM SEE AIRPORT,-,-,AUSTRIA,,,-,L
LOXA,-,-,AIGEN IM ENNSTAL,MILITARY AIRPORT AIGEN IM ENNSTAL,-,-,AUSTRIA,,,-,L
LOXI,-,-,VOMP,MILITARY HELIBASE VOMP,-,-,AUSTRIA,HELIPORT,,-,L
LOXN,-,-,WIEN,WIENER NEUSTADT WEST AIRPORT,-,-,AUSTRIA,,,-,L
LOXS,-,-,SCHWAZ,SCHWAZ HELIPORT,-,-,AUSTRIA,HELIPORT,,-,L
LOXT,-,-,TULLN AN DER DONAU,BRUMOWSKI AIR BASE,-,-,AUSTRIA,,,-,L
LOXZ,-,-,ZELTWEG,ZELTWEG AIR BASE,-,-,AUSTRIA,,,-,L
LPAR,AVR,-,ALVERCA,ALVERCA AIR BASE,-,-,PORTUGAL,,,-,L
LSZR,ACH,-,ALTENRHEIN,ST. GALLEN-ALTENRHEIN AIRPORT,-,-,SWITZERLAND,,,-,L
LTAF,ADA,-,ADANA,ADANA SAKIRPASA AIRPORT,-,-,TURKEY,,,-,L
LTAG,UAB,-,ADANA,INCIRLIK AIR BASE,-,-,TURKEY,,,-,L
LTAH,AFY,-,AFYON,AFYON AIRPORT,-,-,TURKEY,,MILITARY,-,L
LTAP,MZH,-,MERZIFON,MERZIFON AIRPORT,AMASYA MERZIFON AIRPORT,-,TURKEY,,,-,L
LTCO,AJI,-,AGRI,AGRI AIRPORT,-,-,TURKEY,,,-,L
LTCP,ADF,-,ADIYAMAN,ADIYAMAN AIRPORT,-,-,TURKEY,,,-,L
LXGB,GIB,-,GIBRALTAR,GIBRALTAR INTERNATIONAL AIRPORT,RAF GIBRALTAR,-,GIBRALTAR,,DUAL,-,L
